0.15	1.004395	2.111318E-4	1.367586	6.403728E-4	1.172006	3.975784E-4	0.8569883	-1.105697E-4
0.1547094	1.003784	2.049838E-7	1.366711	0.001043565	1.171274	4.47288E-4	0.8570018	-3.270982E-4
0.1594188	1.003531	-1.327087E-4	1.366205	0.001289958	1.170909	4.75359E-4	0.857052	-4.612791E-4
0.1641283	1.003583	-1.901781E-4	1.366017	0.001399566	1.170859	4.888691E-4	0.8571333	-5.20305E-4
0.1688377	1.003892	-1.773655E-4	1.366097	0.001391793	1.171074	4.930995E-4	0.8572403	-5.1241E-4
0.1735471	1.00441	-1.020808E-4	1.366395	0.001285961	1.171504	4.917397E-4	0.857368	-4.470173E-4
0.1782565	1.005088	2.51178E-5	1.36686	0.001101829	1.172099	4.870613E-4	0.8575115	-3.34906E-4
0.1829659	1.005876	1.90829E-4	1.367439	8.601444E-4	1.172806	4.801074E-4	0.857666	-1.883881E-4
0.1876754	1.006721	3.787982E-4	1.368076	5.832703E-4	1.173572	4.709619E-4	0.8578267	-2.147755E-5
0.1923848	1.007569	5.701057E-4	1.368711	2.959275E-4	1.174339	4.591851E-4	0.8579887	1.499824E-4
0.1970942	1.008363	7.437099E-4	1.369282	2.609188E-5	1.175046	4.445183E-4	0.8581474	3.082838E-4
0.2018036	1.009042	8.775326E-4	1.369723	-1.939668E-4	1.175631	4.27964E-4	0.8582986	4.339896E-4
0.206513	1.009551	9.502745E-4	1.369967	-3.266192E-4	1.176032	4.132988E-4	0.8584385	5.06349E-4
0.2112224	1.009836	9.440502E-4	1.369951	-3.281114E-4	1.176191	4.089317E-4	0.8585644	5.041322E-4
0.2159319	1.009855	8.476978E-4	1.369623	-1.487806E-4	1.176062	4.297307E-4	0.8586754	4.070353E-4
0.2206413	1.009586	6.601757E-4	1.368948	2.646038E-4	1.175615	4.979888E-4	0.8587729	1.977828E-4
0.2253507	1.009037	3.929216E-4	1.36792	9.628529E-4	1.174854	6.422243E-4	0.8588615	-1.350467E-4
0.2300601	1.008251	6.969769E-5	1.366574	0.001983394	1.173819	8.923892E-4	0.8589491	-5.936345E-4
0.2347695	1.007316	-2.771576E-4	1.364992	0.003334419	1.172596	0.001270896	0.8590464	-0.001167424
0.239479	1.006353	-6.136205E-4	1.363302	0.004977226	1.171311	0.001781037	0.8591652	-0.001830279
0.2441884	1.005504	-9.113694E-4	1.361663	0.006813432	1.170115	0.00239718	0.8593151	-0.002539325
0.2488978	1.004902	-0.001151893	1.360244	0.008685251	1.169158	0.003062446	0.8595002	-0.003236574
0.2536072	1.004648	-0.001325179	1.359195	0.01039374	1.168563	0.003697222	0.859717	-0.003854087
0.2583166	1.004794	-0.001424628	1.358625	0.01173219	1.168406	0.004216385	0.8599542	-0.00432258
0.2630261	1.005342	-0.00144256	1.358586	0.01252418	1.16871	0.004548284	0.8601975	-0.00458196
0.2677355	1.006259	-0.001369692	1.359078	0.0126538	1.169454	0.004648099	0.8604335	-0.004591092
0.2724449	1.007491	-0.001198451	1.360052	0.01207952	1.170587	0.004502034	0.8606545	-0.004333848
0.2771543	1.00898	-9.272594E-4	1.361429	0.01083093	1.172042	0.004123486	0.8608603	-0.003819834
0.2818637	1.010673	-5.629533E-4	1.363115	0.008992969	1.173747	0.003544881	0.8610566	-0.003080133
0.2865731	1.012524	-1.203171E-4	1.36501	0.006684852	1.175634	0.002808842	0.861253	-0.002160061
0.2912826	1.014491	3.805099E-4	1.367025	0.004039866	1.17764	0.001960945	0.861459	-0.001111344
0.295992	1.016538	9.173185E-4	1.369078	0.001189571	1.179712	0.001044799	0.8616831	1.443789E-5
0.3007014	1.01863	0.001468656	1.371106	-0.001746427	1.1818	9.930664E-5	0.8619305	0.0011703
0.3054108	1.020735	0.002015672	1.373056	-0.004665691	1.183865	8.424963E-4	0.862204	0.002316206
0.3101203	1.022826	0.002542974	1.37489	-0.007484506	1.185873	0.001753576	0.8625036	0.003419791
0.3148296	1.024875	0.003038755	1.376579	-0.01013714	1.187796	0.002612493	0.8628279	0.004456057
0.3195391	1.02686	0.003494493	1.378103	-0.01257395	1.189611	0.003402753	0.863174	0.005406524
0.3242485	1.02876	0.003904455	1.37945	-0.01475904	1.191301	0.004112104	0.8635384	0.006258214
0.3289579	1.03056	0.004265185	1.380614	-0.01666806	1.192853	0.004731872	0.8639174	0.00700265
0.3336673	1.032246	0.004575022	1.38159	-0.01828608	1.194258	0.005256374	0.8643073	0.007634985
0.3383768	1.033811	0.004833721	1.382383	-0.01960598	1.195512	0.005682431	0.8647045	0.008153277
0.3430862	1.035249	0.005042131	1.382995	-0.02062696	1.196613	0.006008955	0.8651059	0.008557914
0.3477956	1.036555	0.005201963	1.383433	-0.02135345	1.197562	0.006236613	0.8655084	0.008851153
0.352505	1.037731	0.005315603	1.383707	-0.02179418	1.198362	0.006367545	0.8659096	0.009036769
0.3572144	1.038778	0.005385964	1.383826	-0.02196136	1.199019	0.006405124	0.8663074	0.009119762
0.3619238	1.0397	0.005416369	1.383802	-0.02187008	1.199541	0.006353744	0.8667004	0.009106118
0.3666333	1.040505	0.005410451	1.383646	-0.0215377	1.199936	0.006218635	0.8670871	0.009002607
0.3713427	1.041198	0.005372069	1.383371	-0.02098331	1.200214	0.006005694	0.8674669	0.008816605
0.3760521	1.041791	0.005305223	1.382989	-0.02022733	1.200385	0.005721321	0.8678395	0.008555928
0.3807615	1.042291	0.00521399	1.382512	-0.019291	1.200462	0.005372279	0.8682048	0.008228687
0.3854709	1.042711	0.005102457	1.381953	-0.01819604	1.200456	0.004965554	0.8685633	0.007843146
0.3901803	1.043062	0.004974659	1.381324	-0.01696427	1.200379	0.004508228	0.8689157	0.007407598
0.3948898	1.043355	0.004834534	1.380635	-0.01561726	1.200244	0.004007366	0.8692632	0.006930251
0.3995992	1.043604	0.004685872	1.379899	-0.01417611	1.200061	0.003469913	0.8696071	0.006419119
0.4043086	1.043819	0.004532284	1.379125	-0.01266112	1.199842	0.002902602	0.8699489	0.005881939
0.409018	1.044012	0.004377167	1.378322	-0.01109164	1.1996	0.002311881	0.8702903	0.005326089
0.4137275	1.044197	0.004223686	1.377501	-0.009485877	1.199344	0.001703844	0.8706334	0.004758528
0.4184369	1.044383	0.00407476	1.376669	-0.007860772	1.199084	0.001084186	0.87098	0.004185747
0.4231463	1.044582	0.003933053	1.375835	-0.00623191	1.198832	4.581601E-4	0.8713323	0.003613737
0.4278557	1.044805	0.003800969	1.375004	-0.004613458	1.198594	1.694416E-4	0.8716923	0.003047961
0.4325651	1.045061	0.003680666	1.374184	-0.003018144	1.198381	7.943074E-4	0.8720622	0.002493348
0.4372745	1.045359	0.003574053	1.373379	-0.001457256	1.1982	0.001412609	0.8724441	0.001954291
0.441984	1.045709	0.00348281	1.372596	5.933169E-5	1.198057	0.002020995	0.87284	0.00143466
0.4466934	1.046118	0.003408395	1.371839	0.001523114	1.19796	0.002616585	0.873252	9.378088E-4
0.4514028	1.046594	0.003352069	1.371111	0.002926893	1.197913	0.003196945	0.873682	4.66608E-4
0.4561122	1.047143	0.003314907	1.370416	0.004264705	1.197924	0.003760071	0.8741317	2.346537E-5
0.4608216	1.047772	0.00329782	1.369756	0.005531739	1.197995	0.004304362	0.8746031	-3.896414E-4
0.4655311	1.048486	0.003301572	1.369134	0.006724249	1.198132	0.004828591	0.8750977	-7.711319E-4
0.4702405	1.049291	0.0033268	1.368553	0.007839464	1.198337	0.005331879	0.8756173	-0.001119789
0.4749499	1.05019	0.003374034	1.368012	0.008875495	1.198615	0.005813661	0.8761632	-0.001434725
0.4796593	1.05119	0.00344371	1.367514	0.009831247	1.198967	0.006273661	0.8767371	-0.001715344
0.4843687	1.052292	0.003536194	1.367059	0.01070633	1.199397	0.006711862	0.8773404	-0.001961314
0.4890782	1.053502	0.003651792	1.366647	0.01150097	1.199906	0.007128477	0.8779743	-0.002172526
0.4937876	1.054822	0.003790773	1.366278	0.01221593	1.200496	0.007523926	0.8786403	-0.002349072
0.498497	1.056255	0.00395338	1.365953	0.01285247	1.201169	0.007898813	0.8793396	-0.002491206
0.5032064	1.057804	0.004139846	1.36567	0.0134122	1.201925	0.0082539	0.8800736	-0.002599325
0.5079159	1.059472	0.004350408	1.365428	0.01389709	1.202766	0.008590094	0.8808435	-0.002673937
0.5126253	1.061261	0.004585326	1.365228	0.01430939	1.203693	0.008908425	0.8816507	-0.002715636
0.5173347	1.063175	0.004844891	1.365067	0.01465156	1.204707	0.009210031	0.8824967	-0.002725087
0.5220441	1.065215	0.005129443	1.364944	0.01492625	1.205808	0.009496154	0.8833826	-0.002702996
0.5267535	1.067385	0.005439385	1.364857	0.01513623	1.206997	0.009768118	0.88431	-0.002650097
0.5314629	1.069688	0.005775198	1.364806	0.01528438	1.208275	0.01002733	0.8852804	-0.002567131
0.5361723	1.072126	0.006137456	1.364787	0.01537363	1.209643	0.01027527	0.8862956	-0.002454828
0.5408818	1.074703	0.006526846	1.3648	0.01540697	1.211101	0.01051348	0.8873571	-0.002313896
0.5455912	1.077423	0.006944178	1.364843	0.01538737	1.212651	0.01074358	0.8884669	-0.002145002
0.5503006	1.080289	0.007390413	1.364912	0.01531782	1.214293	0.01096726	0.8896269	-0.001948757
0.55501	1.083305	0.007866677	1.365007	0.01520127	1.216028	0.01118629	0.8908393	-0.001725706
0.5597194	1.086476	0.008374288	1.365124	0.01504061	1.217859	0.01140248	0.8921064	-0.001476311
0.5644289	1.089808	0.008914777	1.365263	0.0148387	1.219785	0.01161776	0.8934307	-0.001200937
0.5691383	1.093305	0.009489922	1.36542	0.01459832	1.221811	0.01183413	0.8948148	-8.998401E-4
0.5738477	1.096975	0.01010177	1.365593	0.01432215	1.223937	0.0120537	0.8962619	-5.731517E-4
0.5785571	1.100824	0.0107527	1.36578	0.01401281	1.226166	0.0122787	0.8977749	-2.208619E-4
0.5832666	1.104859	0.0114454	1.365978	0.01367281	1.2285	0.01251147	0.8993576	1.571961E-4
0.587976	1.10909	0.01218301	1.366185	0.01330457	1.230944	0.01275453	0.9010135	5.613647E-4
0.5926853	1.113525	0.01296908	1.366399	0.01291039	1.2335	0.01301053	0.9027469	9.921823E-4
0.5973948	1.118176	0.01380768	1.366618	0.01249247	1.236173	0.01328237	0.9045624	0.001450406
0.6021042	1.123054	0.01470349	1.366838	0.01205288	1.238968	0.01357313	0.9064648	0.001937039
0.6068136	1.128172	0.01566183	1.367058	0.01159358	1.241889	0.01388618	0.9084596	0.002453357
0.611523	1.133543	0.0166888	1.367275	0.01111642	1.244943	0.0142252	0.9105528	0.003000944
0.6162325	1.139185	0.01779136	1.367486	0.01062308	1.248136	0.0145942	0.9127509	0.003581734
0.6209419	1.145115	0.01897749	1.36769	0.01011514	1.251477	0.0149976	0.9150611	0.004198053
0.6256513	1.151352	0.02025635	1.367883	0.009594028	1.254974	0.01544033	0.9174912	0.004852678
0.6303607	1.157919	0.02163844	1.368062	0.009061025	1.258635	0.01592783	0.92005	0.005548896
0.6350701	1.16484	0.02313584	1.368226	0.008517252	1.262473	0.01646621	0.9227473	0.006290583
0.6397796	1.172142	0.02476249	1.368371	0.007963665	1.266499	0.01706232	0.9255935	0.007082296
0.644489	1.179857	0.0265345	1.368494	0.007401035	1.270726	0.01772391	0.9286007	0.007929376
0.6491984	1.188017	0.02847054	1.368593	0.006829937	1.27517	0.01845976	0.931782	0.008838089
0.6539078	1.196663	0.03059232	1.368664	0.006250721	1.279848	0.01927988	0.9351521	0.009815774
0.6586173	1.205838	0.03292518	1.368704	0.005663489	1.284779	0.02019572	0.9387276	0.01087105
0.6633266	1.21559	0.03549881	1.368709	0.005068052	1.289985	0.0212205	0.942527	0.01201403
0.668036	1.225976	0.03834816	1.368676	0.004463882	1.29549	0.02236946	0.946571	0.01325667
0.6727455	1.237059	0.04151452	1.368599	0.003850043	1.301321	0.02366036	0.9508832	0.01461306
0.6774549	1.248909	0.04504697	1.368473	0.003225104	1.30751	0.02511392	0.9554901	0.01609996
0.6821643	1.26161	0.04900413	1.368293	0.002587014	1.314093	0.0267545	0.9604222	0.01773734
0.6868737	1.275255	0.05345648	1.368053	0.001932938	1.32111	0.02861089	0.965714	0.01954912
0.6915832	1.289952	0.05848923	1.367744	0.001259023	1.328606	0.03071729	0.971405	0.02156418
0.6962926	1.305826	0.06420619	1.367357	5.600813E-4	1.336634	0.03311457	0.977541	0.02381754
0.701002	1.32302	0.07073477	1.366881	-1.708595E-4	1.345255	0.03585195	0.9841745	0.02635203
0.7057114	1.341703	0.07823259	1.366304	-9.431939E-4	1.354536	0.03898901	0.9913666	0.02922047
0.7104208	1.362067	0.08689638	1.36561	-0.001769644	1.364559	0.04259844	0.9991884	0.03248854
0.7151303	1.384341	0.09697406	1.364777	-0.002667564	1.375414	0.04676963	1.007723	0.03623873
0.7198397	1.408788	0.1087812	1.363785	-0.003660826	1.387208	0.05161331	1.017066	0.04057578
0.7245491	1.43572	0.1227241	1.362602	-0.004782572	1.400065	0.05726793	1.027333	0.04563418
0.7292585	1.465495	0.1393318	1.361195	-0.006079233	1.414127	0.06390819	1.038656	0.0515888
0.733968	1.498531	0.1593024	1.359522	-0.007616427	1.429562	0.07175684	1.051189	0.05866998
0.7386773	1.535259	0.1835789	1.357575	-0.009439473	1.446563	0.08113371	1.065082	0.06716943
0.7433867	1.576041	0.2134426	1.355424	-0.01148174	1.465339	0.09254158	1.080437	0.07742733
0.7480962	1.621444	0.2505865	1.352939	-0.01394782	1.486117	0.1064562	1.097508	0.08999965
0.7528056	1.671857	0.2973894	1.35008	-0.01698463	1.50913	0.1236154	1.116479	0.1056074
0.757515	1.727397	0.3571725	1.346817	-0.02079839	1.534585	0.1450292	1.137481	0.1252486
0.7622244	1.787518	0.4345916	1.343153	-0.02568072	1.56259	0.172092	1.1605	0.1503138
0.7669339	1.850231	0.536125	1.339159	-0.03204349	1.593008	0.2067375	1.185186	0.1827378
0.7716433	1.91055	0.6705068	1.335064	-0.04045766	1.625162	0.2516283	1.210468	0.2251584
0.7763527	1.957585	0.8485042	1.331418	-0.05167042	1.657259	0.3103211	1.233828	0.2809587
0.7810621	1.969782	1.080268	1.329386	-0.06651517	1.685339	0.3871842	1.250055	0.3537962
0.7857715	1.909687	1.366308	1.331154	-0.08549698	1.701626	0.4864446	1.249683	0.445695
0.790481	1.726835	1.677741	1.340102	-0.107697	1.692885	0.6091283	1.21885	0.5524914
0.7951904	1.387928	1.935519	1.359627	-0.1290728	1.641599	0.7469665	1.144916	0.6580808
0.7998998	0.9337503	2.032646	1.389564	-0.1422727	1.534797	0.876873	1.029119	0.7364097
0.8046092	0.4877487	1.921429	1.423221	-0.1412343	1.378541	0.9668663	0.8924028	0.7679092
0.8093187	0.164259	1.662709	1.451205	-0.1271065	1.200765	0.9960536	0.7614685	0.7530579
0.8140281	-0.008659867	1.360816	1.468745	-0.1067907	1.033589	0.9673169	0.6523874	0.7060354
0.8187374	-0.06697939	1.086307	1.476931	-0.08661959	0.8959299	0.8986205	0.5689749	0.6418071
0.8234469	-0.0580891	0.8635657	1.479066	-0.06954768	0.7923739	0.8085265	0.5088967	0.5705757
0.8281563	-0.01634711	0.6913646	1.477987	-0.0560817	0.7202295	0.710013	0.4684017	0.4981653
0.8328657	0.03841354	0.5602242	1.47547	-0.04573213	0.6749929	0.6109969	0.4442148	0.4278717
0.8375751	0.09602406	0.4602094	1.472474	-0.03780589	0.6524034	0.5165641	0.4337729	0.3619508
0.8422846	0.1517096	0.3832301	1.469476	-0.03169004	0.6484163	0.430541	0.4347363	0.3023648
0.846994	0.2034769	0.323241	1.466689	-0.0269111	0.6585727	0.3557833	0.4444194	0.2507301
0.8517034	0.2507014	0.2758621	1.4642	-0.02312112	0.6779824	0.2936069	0.4597585	0.2077839
0.8564128	0.2934026	0.237943	1.462026	-0.02006857	0.7021691	0.2435244	0.477895	0.1731263
0.8611223	0.3318801	0.2072096	1.460158	-0.01757182	0.7278646	0.203834	0.4967314	0.145575
0.8658317	0.3665353	0.1820054	1.458576	-0.01549881	0.7531189	0.1724747	0.5150238	0.1237213
0.8705411	0.3977863	0.1611102	1.457252	-0.01375261	0.77696	0.1475672	0.5321647	0.1062862
0.8752505	0.4260288	0.1436141	1.456162	-0.01226115	0.799005	0.1275973	0.5479294	0.09223945
0.8799599	0.4516213	0.1288302	1.455281	-0.01097026	0.8191835	0.1114096	0.5622947	0.08079407
0.8846694	0.4748808	0.1162336	1.45459	-0.009838633	0.837575	0.09814046	0.5753326	0.07136098
0.8893788	0.4960843	0.1054185	1.454069	-0.008834429	0.8543223	0.08714697	0.5871534	0.06350053
0.8940882	0.5154724	0.0960681	1.453703	-0.007932778	0.869587	0.07794811	0.5978773	0.05688298
0.8987976	0.5332531	0.08793193	1.453479	-0.007114028	0.8835286	0.07018086	0.6076209	0.05125875
0.903507	0.5496068	0.08081055	1.453385	-0.006362454	0.8962955	0.06356833	0.6164917	0.04643691
0.9082164	0.5646896	0.07454345	1.453414	-0.005665323	0.9080209	0.05789697	0.6245857	0.04226977
0.9129258	0.5786369	0.06900047	1.453556	-0.005012186	0.9188231	0.05300029	0.6319878	0.03864175
0.9176353	0.5915666	0.06407515	1.453806	-0.004394356	0.9288061	0.04874713	0.638772	0.03546149
0.9223447	0.6035817	0.05967982	1.454158	-0.003804498	0.9380609	0.0450331	0.6450031	0.03265601
0.9270541	0.6147719	0.05574175	1.45461	-0.003236325	0.9466671	0.04177439	0.6507378	0.03016644
0.9317635	0.6252163	0.05220019	1.455157	-0.002684346	0.9546945	0.03890312	0.656025	0.02794483
0.936473	0.6349844	0.04900413	1.455799	-0.002143676	0.9622042	0.03636387	0.6609077	0.02595183
0.9411824	0.6441375	0.04611043	1.456533	-0.001609872	0.9692498	0.03411111	0.6654233	0.02415486
0.9458918	0.65273	0.04348244	1.45736	-0.001078804	0.9758791	0.03210714	0.6696047	0.02252671
0.9506012	0.6608101	0.04108886	1.458279	-5.465387E-4	0.9821339	0.03032064	0.6734806	0.02104448
0.9553106	0.6684207	0.03890281	1.459292	-9.239807E-6	0.9880518	0.0287254	0.6770761	0.01968877
0.9600201	0.6756002	0.03690107	1.4604	5.369234E-4	0.9936661	0.02729945	0.6804134	0.01844297
0.9647295	0.6823831	0.03506353	1.461606	0.001095864	0.9990067	0.0260243	0.6835121	0.01729279
0.9694389	0.6888	0.03337269	1.462913	0.001671666	1.004101	0.02488436	0.6863891	0.01622581
0.9741483	0.6948787	0.03181322	1.464325	0.002268668	1.008973	0.02386653	0.6890596	0.0152311
0.9788577	0.7006441	0.03037165	1.465845	0.002891565	1.013645	0.02295977	0.6915367	0.01429902
0.9835671	0.7061189	0.02903609	1.46748	0.003545507	1.018137	0.02215489	0.693832	0.0134209
0.9882765	0.7113234	0.02779602	1.469236	0.004236218	1.02247	0.02144427	0.6959556	0.01258889
0.992986	0.7162762	0.02664203	1.471119	0.004970133	1.026659	0.02082171	0.6979162	0.01179576
0.9976954	0.7209939	0.02556572	1.473137	0.005754553	1.030722	0.0202823	0.6997212	0.01103476
1.002405	0.725492	0.02455953	1.4753	0.006597836	1.034673	0.01982236	0.7013769	0.01029946
1.007114	0.7297841	0.02361659	1.477618	0.007509623	1.038529	0.01943937	0.7028887	0.009583626
1.011824	0.733883	0.02273065	1.480103	0.008501114	1.042303	0.01913192	0.7042608	0.008881089
1.016533	0.7378002	0.02189596	1.482767	0.009585408	1.046008	0.01889982	0.7054963	0.008185606
1.021242	0.741546	0.02110719	1.485626	0.01077792	1.049659	0.01874405	0.7065976	0.007490712
1.025952	0.7451299	0.02035934	1.488696	0.01209691	1.053268	0.01866696	0.7075659	0.006789567
1.030661	0.7485607	0.01964766	1.491996	0.01356412	1.05685	0.01867237	0.7084016	0.006074767
1.035371	0.7518461	0.01896756	1.495546	0.01520564	1.060417	0.01876581	0.7091042	0.005338131
1.04008	0.7549931	0.01831455	1.499372	0.01705292	1.063984	0.01895477	0.709672	0.004570443
1.04479	0.7580082	0.01768413	1.503497	0.01914415	1.067565	0.01924917	0.7101025	0.003761134
1.049499	0.7608969	0.01707169	1.507952	0.021526	1.071175	0.01966176	0.7103919	0.00289788
1.054208	0.7636644	0.01647238	1.512769	0.02425584	1.074829	0.0202089	0.7105358	0.001966106
1.058918	0.7663151	0.01588096	1.517981	0.02740474	1.078543	0.0209114	0.7105283	9.483383E-4
1.063627	0.7688531	0.01529167	1.523626	0.03106126	1.082333	0.02179567	0.7103629	-1.766206E-4
1.068337	0.7712817	0.01469791	1.529742	0.03533655	1.086216	0.02289526	0.7100323	-0.001434769
1.073046	0.7736042	0.014092	1.536363	0.04037091	1.090209	0.02425293	0.7095289	-0.002858304
1.077755	0.7758235	0.0134648	1.543521	0.04634253	1.094325	0.0259232	0.7088453	-0.004487454
1.082465	0.7779428	0.01280517	1.551232	0.0534787	1.098575	0.02797585	0.7079757	-0.006372849
1.087174	0.7799658	0.01209933	1.559488	0.06207009	1.102962	0.03050026	0.7069181	-0.008578587
1.091884	0.7818975	0.01133006	1.568232	0.0724881	1.107477	0.03361082	0.7056776	-0.0111861
1.096593	0.7837459	0.01047569	1.577325	0.08520426	1.112085	0.03745311	0.7042723	-0.01429882
1.101303	0.785524	0.009509101	1.586488	0.1008075	1.116713	0.04220994	0.7027432	-0.0180473
1.106012	0.7872536	0.008396884	1.595205	0.1200083	1.121221	0.04810455	0.70117	-0.02259374
1.110721	0.788971	0.00709975	1.602588	0.1436055	1.125364	0.05539477	0.6996958	-0.02813288
1.115431	0.7907365	0.005575939	1.607181	0.1723645	1.128732	0.06434499	0.6985645	-0.03488268
1.12014	0.792645	0.003791545	1.606738	0.2067178	1.13068	0.07515207	0.6981725	-0.04305159
1.12485	0.7948363	0.001743595	1.598126	0.2461755	1.130277	0.08779073	0.6991246	-0.05275968
1.129559	0.7974899	-4.994207E-4	1.577649	0.2884162	1.126347	0.1017542	0.7022609	-0.0638857
1.134269	0.8007827	-0.002748472	1.542315	0.3284201	1.117747	0.115748	0.7085724	-0.07583497
1.138978	0.8047904	-0.004678124	1.492129	0.3587139	1.103996	0.1275861	0.7188883	-0.08731759
1.143687	0.809373	-0.005908862	1.432104	0.37192	1.086023	0.1346932	0.7333085	-0.09638886
1.148397	0.8141568	-0.00618862	1.371428	0.364795	1.066356	0.1352799	0.7506766	-0.1010357
1.153106	0.8186855	-0.00553754	1.319288	0.3402502	1.048193	0.1293905	0.7686797	-0.1001699
1.157816	0.822628	-0.004216795	1.280818	0.3052426	1.033944	0.1188169	0.7847887	-0.09426323
1.162525	0.8258719	-0.002567398	1.256381	0.2668887	1.024467	0.1060017	0.7973525	-0.08500822
1.167235	0.8284778	-8.697106E-4	1.243467	0.2300917	1.019328	0.09297519	0.8059853	-0.07436895
1.171944	0.8305839	7.0595E-4	1.238799	0.1972904	1.017517	0.08095234	0.8112057	-0.0638447
1.176653	0.832335	0.002083943	1.239504	0.1692099	1.017985	0.07044427	0.8138745	-0.05427278
1.181363	0.8338503	0.003248603	1.24346	0.1456664	1.019888	0.06152808	0.8148167	-0.04597122
1.186072	0.8352168	0.00421475	1.24923	0.1261047	1.022629	0.05407139	0.8146751	-0.03895437
1.190782	0.8364934	0.005009093	1.255899	0.1098836	1.025813	0.0478683	0.8139001	-0.0330966
1.195491	0.8377189	0.005660439	1.262901	0.09640361	1.029191	0.04270718	0.8127872	-0.02822742
1.2002	0.8389176	0.006195318	1.269901	0.08515046	1.032613	0.03839855	0.8115232	-0.0241775
1.20491	0.8401045	0.006636479	1.276706	0.07570139	1.03599	0.03478313	0.8102216	-0.02079709
1.209619	0.8412888	0.007002746	1.283215	0.06771584	1.039272	0.03173114	0.8089495	-0.01796078
1.214329	0.8424758	0.007309418	1.289379	0.06092198	1.042436	0.02913841	0.8077443	-0.01556639
1.219038	0.8436684	0.007568832	1.295181	0.05510351	1.045472	0.02692187	0.8066255	-0.01353173
1.223747	0.8448682	0.007790918	1.300625	0.0500881	1.048376	0.02501531	0.8056015	-0.01179105
1.228457	0.8460759	0.007983688	1.305725	0.045738	1.051153	0.02336592	0.8046738	-0.0102918
1.233166	0.8472916	0.008153637	1.3105	0.04194259	1.05381	0.02193136	0.8038402	-0.008991825
1.237876	0.8485153	0.008306064	1.314971	0.03861255	1.056352	0.02067756	0.8030965	-0.007857241
1.242585	0.8497466	0.008445324	1.319162	0.03567534	1.058789	0.01957695	0.8024374	-0.006860622
1.247295	0.8509852	0.008575031	1.323093	0.03307168	1.061129	0.0186071	0.801857	-0.005979669
1.252004	0.8522308	0.008698207	1.326786	0.03075287	1.063379	0.01774964	0.8013496	-0.005196133
1.256713	0.8534831	0.008817408	1.33026	0.02867861	1.065547	0.01698947	0.8009096	-0.004494988
1.261423	0.8547418	0.008934817	1.333532	0.0268154	1.067639	0.01631409	0.8005318	-0.003863791
1.266132	0.8560066	0.009052315	1.33662	0.02513524	1.069661	0.01571312	0.8002113	-0.003292168
1.270842	0.8572772	0.009171544	1.339537	0.02361455	1.07162	0.01517789	0.7999436	-0.002771421
1.275551	0.8585536	0.00929395	1.342298	0.02223344	1.073519	0.0147011	0.7997245	-0.002294214
1.28026	0.8598354	0.009420821	1.344914	0.02097497	1.075365	0.01427664	0.7995505	-0.001854324
1.28497	0.8611227	0.009553315	1.347397	0.01982474	1.077162	0.01389932	0.7994181	-0.001446443
1.289679	0.8624154	0.009692483	1.349756	0.01877035	1.078912	0.01356473	0.7993242	-0.001066015
1.294389	0.8637132	0.009839289	1.352001	0.01780116	1.080621	0.01326914	0.7992661	-7.091151E-4
1.299098	0.8650162	0.009994626	1.35414	0.01690796	1.082291	0.01300934	0.7992413	-3.723385E-4
1.303808	0.8663244	0.01015932	1.35618	0.01608276	1.083924	0.01278261	0.7992475	-5.272031E-5
1.308517	0.8676375	0.01033416	1.358128	0.0153186	1.085524	0.01258659	0.7992826	2.523355E-4
1.313226	0.8689557	0.01051988	1.35999	0.01460939	1.087093	0.01241929	0.7993448	5.45112E-4
1.317936	0.8702788	0.01071718	1.361773	0.01394979	1.088634	0.01227896	0.7994324	8.276266E-4
1.322645	0.8716069	0.01092673	1.36348	0.01333512	1.090147	0.01216412	0.7995438	0.00110167
1.327355	0.872987	0.01115121	1.365083	0.01274465	1.091652	0.01206806	0.7997091	0.001374314
1.332064	0.8744265	0.0113892	1.366602	0.01216915	1.09316	0.01198614	0.7999256	0.001647685
1.336774	0.8758828	0.01163899	1.368076	0.01162117	1.09466	0.01192233	0.800162	0.001917667
1.341483	0.8773588	0.0119018	1.369506	0.01109878	1.096156	0.0118766	0.8004197	0.002185401
1.346192	0.8788574	0.01217905	1.370893	0.01060001	1.097648	0.011849	0.8007	0.002452107
1.350902	0.8803816	0.0124723	1.372234	0.01012288	1.099138	0.0118397	0.8010041	0.002719089
1.355611	0.8819344	0.01278333	1.373532	0.009665363	1.100628	0.01184893	0.8013332	0.00298774
1.360321	0.883519	0.01311415	1.374786	0.009225403	1.10212	0.01187709	0.801689	0.003259552
1.36503	0.8851386	0.01346697	1.375995	0.008800901	1.103617	0.01192466	0.8020726	0.003536129
1.36974	0.8867965	0.0138443	1.37716	0.008389718	1.105119	0.01199228	0.8024856	0.003819198
1.374449	0.8884961	0.01424892	1.378282	0.007989652	1.10663	0.01208073	0.8029294	0.004110629
1.379158	0.8902411	0.01468397	1.379359	0.007598443	1.108151	0.01219099	0.8034055	0.004412453
1.383868	0.8920349	0.01515299	1.380393	0.00721375	1.109685	0.01232421	0.8039156	0.004726891
1.388577	0.8938816	0.01565995	1.381382	0.006833136	1.111234	0.01248179	0.8044613	0.005056385
1.393287	0.8957848	0.01620936	1.382328	0.006454051	1.1128	0.01266539	0.8050442	0.005403633
1.397996	0.8977486	0.01680636	1.38323	0.0060738	1.114386	0.01287696	0.805666	0.00577164
1.402705	0.8997769	0.01745681	1.384088	0.005689523	1.115994	0.01311882	0.8063284	0.006163769
1.407415	0.9018735	0.0181674	1.384902	0.005298149	1.117627	0.0133937	0.807033	0.006583805
1.412124	0.9040422	0.01894581	1.385673	0.004896372	1.119286	0.01370481	0.8077815	0.007036018
1.416834	0.9062861	0.01980084	1.3864	0.004480602	1.120975	0.01405589	0.808575	0.007525239
1.421543	0.908608	0.02074251	1.387084	0.00404695	1.122694	0.01445128	0.8094144	0.008056912
1.426252	0.911009	0.02178212	1.387727	0.003591209	1.124444	0.01489592	0.8103002	0.008637117
1.430962	0.9134886	0.02293217	1.388329	0.003108908	1.126228	0.01539536	0.8112316	0.00927252
1.435671	0.9160441	0.02420596	1.388893	0.002595428	1.128042	0.01595553	0.8122064	0.009970173
1.440381	0.9186687	0.02561681	1.389422	0.00204628	1.129886	0.0165824	0.8132212	0.01073707
1.44509	0.9213519	0.02717643	1.38992	0.001457582	1.131753	0.01728116	0.8142695	0.01157929
1.4498	0.9240779	0.02889232	1.390393	8.268077E-4	1.133638	0.01805504	0.8153432	0.01250071
1.454509	0.9268283	0.03076424	1.390848	1.537655E-4	1.135531	0.01890345	0.816432	0.01350105
1.459218	0.9295844	0.03278024	1.391289	-5.584383E-4	1.137423	0.01982009	0.8175261	0.01457399
1.463928	0.9323357	0.03491443	1.391721	-0.001303005	1.139311	0.02079166	0.8186198	0.01570597
1.468637	0.9350892	0.0371297	1.392141	-0.002070424	1.141196	0.02179895	0.8197165	0.01687768
1.473347	0.9378791	0.03938789	1.392541	-0.002851345	1.143096	0.02282181	0.8208336	0.01806933
1.478056	0.9407676	0.04166638	1.392904	-0.003640829	1.145041	0.02384722	0.8220028	0.01926909
1.482766	0.9438347	0.04397382	1.393209	-0.004442149	1.147072	0.0248773	0.8232651	0.02048103
1.487475	0.9471598	0.04635576	1.393437	-0.005268144	1.149227	0.02593222	0.8246612	0.02172805
1.492184	0.9508042	0.04888764	1.393568	-0.006139569	1.151539	0.02704673	0.8262226	0.0230483
1.496894	0.9548043	0.05166054	1.393594	-0.007081768	1.154025	0.02826287	0.8279683	0.024488
1.501603	0.9591736	0.05476872	1.39351	-0.008121608	1.156694	0.02962355	0.8299055	0.02609504
1.506313	0.9639105	0.05830356	1.393315	-0.009285852	1.159545	0.03116935	0.8320339	0.02791579
1.511022	0.9690059	0.06235381	1.393011	-0.01060105	1.162575	0.03293853	0.8343491	0.0299951
1.515731	0.9744473	0.06700961	1.3926	-0.01209447	1.165782	0.03496887	0.8368452	0.03237832
1.520441	0.9802201	0.07236798	1.392087	-0.01379543	1.169163	0.03730018	0.8395153	0.03511395
1.52515	0.986306	0.07853839	1.391474	-0.01573694	1.172712	0.03997687	0.8423513	0.03825648
1.52986	0.9926793	0.08564808	1.390769	-0.01795712	1.176426	0.0430503	0.8453414	0.04186908
1.534569	0.9993012	0.09384711	1.38998	-0.02050084	1.180297	0.04658109	0.8484684	0.04602613
1.539279	1.006111	0.1033129	1.389122	-0.02342115	1.184312	0.05064119	0.8517049	0.05081562
1.543988	1.013017	0.1142544	1.388218	-0.02678078	1.188448	0.05531615	0.8550089	0.05634125
1.548697	1.019877	0.1269148	1.387303	-0.03065341	1.192667	0.06070702	0.8583159	0.0627241
1.553407	1.026482	0.141571	1.386429	-0.03512442	1.196911	0.06693205	0.8615294	0.07010297
1.558116	1.032526	0.1585284	1.385673	-0.04029062	1.201093	0.07412723	0.8645078	0.07863239
1.562826	1.037568	0.1781044	1.385149	-0.0462578	1.205082	0.08244479	0.8670471	0.08847604
1.567535	1.040996	0.2005943	1.385017	-0.05313435	1.208689	0.09204762	0.8688604	0.09979226
1.572245	1.041973	0.2262091	1.3855	-0.06101825	1.211646	0.1030967	0.8695551	0.1127069
1.576954	1.03941	0.254972	1.3869	-0.06997363	1.213586	0.115727	0.868614	0.1272673
1.581663	1.031966	0.2865643	1.389607	-0.07999252	1.214023	0.1300067	0.8653915	0.1433726
1.586373	1.018139	0.3201266	1.394094	-0.09093918	1.212342	0.1458738	0.8591457	0.1606806
1.591082	0.9964942	0.3540594	1.400879	-0.1024807	1.207824	0.1630507	0.8491309	0.1785095
1.595792	0.9660649	0.3859268	1.41044	-0.1140221	1.199718	0.1809483	0.8347715	0.1957763
1.600501	0.9268822	0.412618	1.423066	-0.1246845	1.187392	0.1985927	0.8158996	0.2110391
1.60521	0.8804221	0.4308861	1.438678	-0.1333789	1.170548	0.2146332	0.7929806	0.2227044
1.60992	0.8296717	0.4381932	1.45669	-0.1390093	1.149452	0.2274908	0.7671953	0.2293818
1.614629	0.7786115	0.4335216	1.476011	-0.1407664	1.125079	0.2356636	0.7402827	0.230263
1.619339	0.731249	0.4177152	1.495252	-0.1383901	1.099048	0.2381116	0.7141689	0.2253435
1.624048	0.6906571	0.3931533	1.513066	-0.1322558	1.073325	0.2345624	0.6905443	0.2153846
1.628757	0.6584527	0.3629668	1.528458	-0.123236	1.04978	0.2255876	0.6705636	0.2016576
1.633467	0.6348349	0.3302195	1.540948	-0.11242	1.029801	0.2124114	0.6547491	0.185612
1.638176	0.6189945	0.2973703	1.550525	-0.1008409	1.014095	0.1965595	0.6430688	0.1685927
1.642886	0.6096116	0.2660893	1.557503	-0.08930794	1.002726	0.1795066	0.6351064	0.1516701
1.647595	0.6052521	0.2373241	1.562349	-0.07835845	0.9952886	0.1624436	0.6302461	0.1355835
1.652305	0.604604	0.2114781	1.565554	-0.06828955	0.9911377	0.1461917	0.6278229	0.1207658
1.657014	0.6065792	0.1885978	1.56756	-0.05922097	0.9895651	0.1312274	0.6272193	0.1074102
1.661723	0.6103296	0.1685247	1.568733	-0.05115806	0.9899158	0.117761	0.6279129	0.09554449
1.666433	0.6152213	0.1510002	1.569356	-0.04404115	0.9916402	0.1058237	0.629489	0.08509678
1.671142	0.6207951	0.1357314	1.569641	-0.03777944	0.9943053	0.09534109	0.6316326	0.07594337
1.675852	0.6267257	0.1224278	1.569742	-0.03227184	0.9975854	0.08618536	0.6341123	0.06794067
1.680561	0.6327875	0.1108204	1.56977	-0.02741881	1.001242	0.07820897	0.6367629	0.06094413
1.685271	0.6388276	0.1006695	1.569801	-0.02312826	1.005106	0.07126415	0.6394687	0.05481837
1.68998	0.6447443	0.09176631	1.56989	-0.01931798	1.00906	0.06521305	0.6421505	0.04944176
1.694689	0.6504729	0.08393151	1.570071	-0.01591615	1.013023	0.05993218	0.6447555	0.04470766
1.699399	0.655974	0.07701233	1.570369	-0.01286075	1.016942	0.05531361	0.6472496	0.04052405
1.704108	0.661226	0.07087923	1.570801	-0.01009859	1.020783	0.05126442	0.6496122	0.03681217
1.708818	0.6662192	0.06542251	1.571375	-0.00758419	1.024526	0.0477053	0.6518312	0.03350499
1.713527	0.6709524	0.06054937	1.572098	-0.005278602	1.028158	0.04456896	0.6539012	0.03054557
1.718236	0.6754293	0.05618116	1.572973	-0.003148418	1.031677	0.04179844	0.6558208	0.02788556
1.722946	0.6796575	0.05225112	1.574003	-0.001164829	1.035081	0.0393456	0.6575916	0.02548381
1.727655	0.6836464	0.04870245	1.575187	6.971665E-4	1.038373	0.03716972	0.6592166	0.02330526
1.732365	0.6874065	0.04548666	1.576526	0.002459441	1.041558	0.03523639	0.6607002	0.02131995
1.737074	0.6909491	0.04256223	1.57802	0.004141321	1.044643	0.03351647	0.6620471	0.01950211
1.741784	0.6942852	0.03989347	1.579669	0.005760077	1.047633	0.03198527	0.6632625	0.01782957
1.746493	0.6974258	0.03744962	1.581475	0.007331347	1.050535	0.03062186	0.6643512	0.01628307
1.751202	0.7003814	0.03520399	1.583437	0.008869494	1.053358	0.02940849	0.6653181	0.01484584
1.755912	0.703162	0.0331334	1.585557	0.01038793	1.056107	0.02833013	0.6661679	0.01350316
1.760621	0.7057768	0.03121758	1.587837	0.01189937	1.05879	0.02737404	0.6669046	0.012242
1.765331	0.7082345	0.02943874	1.590278	0.01341612	1.061414	0.0265295	0.6675321	0.01105078
1.77004	0.7105435	0.02778118	1.592885	0.01495027	1.063985	0.02578751	0.668054	0.009919062
1.77475	0.7127107	0.02623096	1.595659	0.01651393	1.066509	0.02514058	0.6684731	0.008837386
1.779459	0.7147433	0.02477561	1.598607	0.01811942	1.068994	0.02458254	0.6687921	0.007797051
1.784168	0.7166471	0.02340396	1.601731	0.01977951	1.071445	0.02410846	0.6690132	0.006789971
1.788878	0.718428	0.02210583	1.605038	0.02150758	1.073867	0.02371445	0.6691382	0.005808524
1.793587	0.7200908	0.02087194	1.608534	0.02331792	1.076267	0.02339764	0.6691685	0.004845423
1.798297	0.7216401	0.0196937	1.612226	0.02522587	1.07865	0.02315611	0.6691051	0.003893594
1.803006	0.7230797	0.01856309	1.61612	0.02724818	1.081021	0.02298882	0.6689485	0.002946058
1.807715	0.7244133	0.01747252	1.620226	0.02940324	1.083385	0.02289561	0.6686992	0.001995822
1.812425	0.7256439	0.01641471	1.624553	0.0317114	1.085748	0.02287719	0.6683571	0.001035764
1.817134	0.7267742	0.01538258	1.629109	0.03419543	1.088115	0.02293519	0.6679216	5.851474E-5
1.821844	0.7278064	0.01436912	1.633905	0.03688083	1.09049	0.02307213	0.6673923	-9.436567E-4
1.826553	0.7287424	0.01336727	1.638951	0.03979645	1.092879	0.02329154	0.6667679	-0.001978979
1.831262	0.7295839	0.01236984	1.644258	0.04297497	1.095285	0.02359799	0.6660473	-0.003056318
1.835972	0.730332	0.01136934	1.649838	0.04645367	1.097715	0.02399721	0.665229	-0.004185334
1.840681	0.730988	0.01035788	1.6557	0.05027518	1.100171	0.02449624	0.6643115	-0.005376663
1.845391	0.7315527	0.009327016	1.661855	0.05448838	1.102659	0.02510354	0.6632931	-0.006642113
1.8501	0.7320271	0.008267557	1.668312	0.05914957	1.105182	0.02582921	0.6621719	-0.007994896
1.85481	0.7324119	0.007169435	1.675077	0.06432365	1.107744	0.0266852	0.6609465	-0.00944989
1.859519	0.7327082	0.006021466	1.682153	0.07008561	1.110348	0.02768562	0.6596159	-0.01102394
1.864228	0.7329175	0.00481114	1.68954	0.07652216	1.112995	0.02884697	0.6581793	-0.01273621
1.868938	0.7330418	0.003524361	1.697227	0.08373361	1.115686	0.03018855	0.6566373	-0.01460857
1.873647	0.733084	0.002145175	1.705197	0.09183586	1.11842	0.03173288	0.6549913	-0.016666
1.878357	0.7330485	6.554701E-4	1.713416	0.1009625	1.121193	0.03350605	0.6532454	-0.01893716
1.883066	0.7329417	-9.653171E-4	1.721831	0.1112667	1.123998	0.03553827	0.651406	-0.02145481
1.887776	0.7327728	-0.002740482	1.730363	0.1229231	1.126824	0.03786422	0.6494839	-0.02425638
1.892485	0.7325549	-0.004696258	1.738896	0.136128	1.129654	0.04052342	0.6474948	-0.02738446
1.897194	0.7323063	-0.006861872	1.747267	0.1510986	1.132461	0.04356041	0.645462	-0.03088712
1.901904	0.7320525	-0.009269325	1.755245	0.1680688	1.13521	0.04702447	0.6434188	-0.03481802
1.906613	0.7318281	-0.0119527	1.76252	0.1872794	1.137848	0.05096879	0.6414111	-0.03923603
1.911323	0.7316799	-0.01494666	1.768674	0.2089609	1.140308	0.05544852	0.6395019	-0.04420395
1.916032	0.7316695	-0.01828387	1.773162	0.2333042	1.142496	0.06051719	0.6377762	-0.049786
1.920742	0.7318769	-0.02199056	1.775289	0.2604145	1.144292	0.06622075	0.6363458	-0.05604324
1.925451	0.7324027	-0.02607987	1.774205	0.290246	1.145544	0.07258817	0.6353555	-0.06302609
1.93016	0.7333689	-0.03054244	1.768917	0.3225136	1.146062	0.079618	0.6349872	-0.07076306
1.93487	0.7349159	-0.03533417	1.758352	0.3565915	1.145624	0.08726019	0.6354622	-0.07924476
1.939579	0.7371933	-0.04036235	1.741475	0.3914166	1.143985	0.09539445	0.6370363	-0.08840331
1.944289	0.7403427	-0.0454733	1.717483	0.4254362	1.140898	0.1038081	0.6399874	-0.09808869
1.948998	0.7444695	-0.05044677	1.686058	0.4566536	1.136151	0.1121807	0.6445874	-0.1080464
1.953707	0.7496098	-0.05500437	1.647611	0.4828196	1.129621	0.1200848	0.6510604	-0.117904
1.958417	0.7556974	-0.05883762	1.603434	0.5017753	1.121324	0.1270142	0.6595278	-0.1271774
1.963126	0.762547	-0.06165551	1.555645	0.511875	1.111465	0.1324445	0.6699508	-0.1353051
1.967836	0.7698636	-0.06324113	1.506899	0.5123518	1.100446	0.1359189	0.6820884	-0.1417151
1.972545	0.7772839	-0.06349897	1.459935	0.5034796	1.088835	0.1371385	0.6954897	-0.145915
1.977255	0.7844381	-0.06247417	1.4171	0.4864705	1.077275	0.1360255	0.7095335	-0.1475842
1.981964	0.7910125	-0.06033641	1.380033	0.4631598	1.06639	0.1327371	0.723514	-0.1466382
1.986673	0.7967907	-0.05733621	1.349552	0.4356135	1.056681	0.1276235	0.7367498	-0.1432436
1.991383	0.8016671	-0.05375196	1.325745	0.4057873	1.048473	0.12115	0.7486845	-0.1377766
1.996092	0.8056324	-0.04984492	1.308169	0.3753116	1.041904	0.1138097	0.7589498	-0.1307422
2.000802	0.8087468	-0.04583161	1.296069	0.3454055	1.036952	0.1060534	0.7673798	-0.1226815
2.005511	0.8111104	-0.04187374	1.288565	0.3168896	1.033484	0.09824792	0.7739843	-0.1140956
2.01022	0.8128386	-0.03808066	1.284782	0.2902501	1.031307	0.09066223	0.7788984	-0.1053977
2.01493	0.8140457	-0.03451836	1.283928	0.2657203	1.030202	0.08347362	0.7823296	-0.09689581
2.019639	0.8148355	-0.03122021	1.285321	0.2433577	1.02996	0.07678379	0.784513	-0.08879767
2.024349	0.8152978	-0.02819687	1.2884	0.2231066	1.030393	0.0706378	0.7856807	-0.08122686
2.029058	0.8155069	-0.02544428	1.292717	0.2048449	1.03134	0.06504168	0.7860433	-0.07424306
2.033767	0.8155233	-0.02294953	1.29792	0.188417	1.032669	0.05997654	0.7857825	-0.0678611
2.038477	0.8153952	-0.02069492	1.303735	0.1736547	1.034274	0.05540914	0.7850491	-0.06206653
2.043186	0.8151609	-0.01866061	1.309955	0.1603903	1.036074	0.05129912	0.7839652	-0.05682737
2.047896	0.8148504	-0.01682637	1.316422	0.1484646	1.038004	0.04760382	0.7826275	-0.05210235
2.052605	0.8144872	-0.01517248	1.323019	0.1377306	1.040016	0.04428124	0.7811118	-0.04784646
2.057315	0.8140898	-0.0136803	1.329658	0.1280548	1.042074	0.04129171	0.7794768	-0.04401438
2.062024	0.8136723	-0.0123325	1.336274	0.1193176	1.044151	0.03859875	0.7777677	-0.04056249
2.066734	0.8132459	-0.01111313	1.342821	0.1114125	1.046227	0.0361694	0.7760186	-0.03745007
2.071443	0.8128192	-0.0100076	1.349265	0.1042451	1.048287	0.03397423	0.7742556	-0.03463968
2.076152	0.8123987	-0.009002612	1.355584	0.09773211	1.050323	0.03198714	0.7724978	-0.03209738
2.080862	0.8119894	-0.00808604	1.361762	0.09179974	1.052326	0.03018512	0.7707595	-0.02979259
2.085571	0.8115947	-0.007246894	1.367789	0.08638287	1.054292	0.02854791	0.7690508	-0.02769792
2.090281	0.8112171	-0.006475228	1.37366	0.08142395	1.056218	0.02705773	0.7673789	-0.02578896
2.09499	0.8108581	-0.005762081	1.379376	0.07687207	1.058103	0.02569896	0.7657482	-0.02404399
2.099699	0.8105187	-0.005099426	1.384935	0.07268232	1.059946	0.02445786	0.7641616	-0.02244377
2.104409	0.8101991	-0.004480122	1.390343	0.06881501	1.061747	0.02332238	0.7626203	-0.02097132
2.109118	0.8098992	-0.003897853	1.395604	0.06523516	1.063508	0.02228194	0.7611246	-0.01961168
2.113828	0.8096183	-0.003347077	1.400724	0.06191198	1.06523	0.02132721	0.7596738	-0.01835172
2.118537	0.809356	-0.002822949	1.405709	0.05881839	1.066913	0.02045001	0.7582667	-0.01717995
2.123246	0.8091115	-0.002321249	1.410567	0.05593064	1.06856	0.01964318	0.7569019	-0.01608632
2.127956	0.8088841	-0.001838299	1.415304	0.05322788	1.070174	0.0189004	0.7555776	-0.01506206
2.132665	0.8086732	-0.001370878	1.419928	0.05069184	1.071755	0.01821619	0.7542921	-0.01409949
2.137375	0.8084782	-9.161384E-4	1.424445	0.04830648	1.073306	0.01758573	0.7530435	-0.01319191
2.142084	0.8082988	-4.715276E-4	1.428862	0.04605769	1.074829	0.01700485	0.75183	-0.01233338
2.146794	0.8081347	-3.471393E-5	1.433185	0.04393301	1.076327	0.01646992	0.7506502	-0.01151868
2.151503	0.8079857	3.96479E-4	1.43742	0.04192144	1.0778	0.01597784	0.7495025	-0.01074313
2.156212	0.807852	8.241302E-4	1.441572	0.04001315	1.079252	0.01552591	0.7483857	-0.01000252
2.160922	0.8077338	0.001250272	1.445645	0.03819934	1.080684	0.01511189	0.7472985	-0.009293025
2.165631	0.8076314	0.001676934	1.449645	0.03647207	1.082097	0.01473386	0.7462401	-0.008611113
2.170341	0.8075452	0.002106181	1.453575	0.03482409	1.083495	0.01439025	0.7452096	-0.007953494
2.17505	0.8074758	0.002540144	1.457438	0.03324876	1.084878	0.01407978	0.7442062	-0.007317058
2.17976	0.8074239	0.002981057	1.461238	0.03173989	1.086248	0.01380145	0.7432296	-0.006698827
2.184469	0.8073902	0.003431278	1.464977	0.03029165	1.087606	0.0135545	0.7422792	-0.006095908
2.189178	0.8073753	0.003893317	1.468657	0.02889853	1.088955	0.01333843	0.7413547	-0.005505455
2.193888	0.8073802	0.004369867	1.472281	0.02755516	1.090295	0.01315293	0.7404559	-0.004924632
2.198597	0.8074055	0.004863826	1.475851	0.02625632	1.091628	0.01299792	0.7395827	-0.004350575
2.203307	0.8074522	0.005378324	1.479367	0.02499682	1.092955	0.01287348	0.7387348	-0.003780362
2.208016	0.8075209	0.005916757	1.482831	0.02377143	1.094276	0.0127799	0.7379125	-0.003210974
2.212725	0.8076125	0.006482809	1.486245	0.02257481	1.095593	0.01271764	0.7371154	-0.002639266
2.217435	0.8077273	0.007080491	1.489608	0.02140143	1.096908	0.01268734	0.7363438	-0.002061933
2.222144	0.8078661	0.007714165	1.492922	0.0202455	1.098219	0.01268977	0.7355974	-0.001475476
2.226854	0.8080289	0.008388582	1.496187	0.01910092	1.099529	0.01272589	0.7348762	-8.761692E-4
2.231563	0.808216	0.009108908	1.499405	0.01796114	1.100838	0.01279681	0.7341797	-2.600327E-4
2.236273	0.8084269	0.009880751	1.502576	0.0168192	1.102145	0.01290378	0.7335076	3.771987E-4
2.240982	0.808661	0.01071019	1.505702	0.01566757	1.103451	0.0130482	0.7328593	0.001040096
2.245691	0.8089172	0.01160378	1.508784	0.01449818	1.104757	0.01323161	0.7322335	0.001733552
2.250401	0.8091935	0.01256856	1.511824	0.01330236	1.106062	0.01345569	0.7316289	0.002462782
2.25511	0.8094874	0.013612	1.514826	0.01207086	1.107365	0.01372223	0.7310435	0.003233313
2.25982	0.8097954	0.01474203	1.517794	0.01079392	1.108666	0.01403318	0.7304745	0.004050945
2.264529	0.8101129	0.01596685	1.520732	0.009461361	1.109964	0.01439059	0.7299188	0.004921685
2.269238	0.810434	0.01729491	1.523648	0.008062787	1.111259	0.0147966	0.7293718	0.005851637
2.273948	0.8107515	0.01873461	1.52655	0.006587863	1.112548	0.01525348	0.7288281	0.00684685
2.278657	0.8110564	0.02029414	1.529449	0.005026706	1.113829	0.01576354	0.7282814	0.007913104
2.283367	0.8113382	0.02198109	1.532357	0.003370405	1.115102	0.01632918	0.7277237	0.009055633
2.288076	0.8115843	0.02380201	1.535288	0.001611646	1.116362	0.0169528	0.7271461	0.01027878
2.292786	0.8117807	0.02576196	1.53826	-2.545454E-4	1.117608	0.01763676	0.7265384	0.01158562
2.297495	0.8119117	0.02786392	1.541289	-0.002230022	1.118835	0.01838331	0.7258894	0.01297749
2.302204	0.8119606	0.03010818	1.544394	-0.004312776	1.120038	0.01919448	0.7251877	0.01445359
2.306914	0.81191	0.03249184	1.547593	-0.006496403	1.121214	0.02007184	0.7244217	0.01601066
2.311623	0.8117435	0.03500837	1.550898	-0.008769972	1.122355	0.02101628	0.7235808	0.01764273
2.316333	0.8114459	0.03764751	1.55432	-0.01111858	1.123455	0.02202766	0.7226565	0.0193413
2.321042	0.8110055	0.04039551	1.557863	-0.01352488	1.124507	0.0231043	0.7216435	0.02109586
2.325752	0.8104155	0.04323605	1.561518	-0.01597185	1.125503	0.02424252	0.7205405	0.02289495
2.330461	0.8096753	0.04615192	1.565272	-0.01844682	1.126437	0.02543612	0.7193516	0.02472789
2.33517	0.8087919	0.04912747	1.569097	-0.02094663	1.127304	0.02667618	0.718086	0.02658704
2.33988	0.80778	0.05215207	1.572964	-0.02348291	1.128102	0.02795151	0.7167574	0.02847048
2.344589	0.806661	0.05522415	1.576842	-0.02608633	1.128837	0.02924998	0.715382	0.03038457
2.349299	0.8054599	0.05835534	1.58071	-0.02880755	1.129519	0.03056148	0.713975	0.03234581
2.354008	0.8041998	0.06157382	1.584568	-0.03171337	1.130167	0.031882	0.7125458	0.03438113
2.358717	0.8028946	0.06492542	1.58844	-0.03487749	1.130804	0.03321849	0.7110939	0.03652618
2.363427	0.8015405	0.06847139	1.592382	-0.03836789	1.131452	0.03459239	0.7096047	0.03882134
2.368136	0.8001081	0.07228212	1.596471	-0.04223537	1.132122	0.03604003	0.7080478	0.04130654
2.372846	0.7985378	0.07642768	1.600794	-0.0465081	1.132812	0.03760839	0.7063777	0.04401609
2.377555	0.7967386	0.08096674	1.60544	-0.05119449	1.133494	0.03934673	0.7045355	0.04697472
2.382265	0.7945911	0.08593601	1.610492	-0.05629199	1.134119	0.04129644	0.702452	0.05019513
2.386974	0.7919536	0.09134114	1.616034	-0.06179601	1.134618	0.04348193	0.7000481	0.05367593
2.391683	0.7886685	0.09714902	1.622157	-0.06770302	1.134913	0.0459047	0.6972368	0.05739873
2.396393	0.7845723	0.1032809	1.628973	-0.07400455	1.134922	0.04854076	0.6939237	0.06132345
2.401102	0.7795073	0.1096061	1.636624	-0.08067277	1.134565	0.05134077	0.6900123	0.06538215
2.405812	0.7733373	0.1159382	1.645273	-0.08764105	1.133778	0.05423189	0.6854117	0.06947301
2.410521	0.7659687	0.1220362	1.6551	-0.09478455	1.132512	0.05712079	0.6800496	0.0734572
2.415231	0.7573728	0.1276143	1.666269	-0.1019068	1.130743	0.05989793	0.6738886	0.0771615
2.41994	0.7476072	0.1323635	1.678903	-0.1087379	1.128473	0.06244374	0.6669427	0.08038921
2.424649	0.7368279	0.1359825	1.693047	-0.1149473	1.125741	0.06463671	0.6592892	0.08293938
2.429359	0.7252869	0.1382169	1.70864	-0.1201745	1.122617	0.0663637	0.6510711	0.08463212
2.434068	0.7133128	0.1388947	1.725503	-0.1240708	1.119204	0.06753106	0.6424886	0.08533461
2.438778	0.7012753	0.1379518	1.743344	-0.1263479	1.115629	0.06807495	0.6337773	0.08498117
2.443487	0.6895423	0.1354392	1.761785	-0.1268197	1.112035	0.06796874	0.6251812	0.0835823
2.448196	0.6784385	0.131511	1.780411	-0.1254292	1.108564	0.06722556	0.616923	0.08122042
2.452906	0.6682156	0.1263974	1.798817	-0.1222522	1.105347	0.06589559	0.6091822	0.07803434
2.457615	0.659037	0.1203706	1.816658	-0.1174797	1.102492	0.06405882	0.6020812	0.07419728
2.462325	0.6509786	0.1137109	1.833684	-0.1113823	1.10008	0.06181479	0.5956832	0.06989389
2.467034	0.6440404	0.1066808	1.849749	-0.1042683	1.098158	0.05927188	0.5899982	0.06530075
2.471744	0.6381642	0.09950701	1.864811	-0.09644401	1.096745	0.05653762	0.5849938	0.06057276
2.476453	0.6332532	0.09237222	1.878913	-0.08818222	1.095837	0.05371134	0.5806085	0.05583582
2.481162	0.6291889	0.08541393	1.89216	-0.07970398	1.09541	0.05087956	0.5767642	0.05118487
2.485872	0.6258454	0.07872803	1.904691	-0.07117122	1.095427	0.04811383	0.5733761	0.04668564
2.490581	0.6230991	0.07237493	1.916662	-0.06268854	1.095844	0.04547045	0.5703603	0.04237863
2.495291	0.6208351	0.06638651	1.928225	-0.0543105	1.096615	0.04299152	0.5676388	0.03828405
2.5	0.6189503	0.06077287	1.939522	-0.0460515	1.09769	0.04070672	0.5651422	0.03440661
