0.1								
0.1047094								
0.1094188								
0.1141283								
0.1188377								
0.1235471	1.008737	7.049122E-4	2.801006	0.004242696	1.680915	0.001860271	0.600111	-2.448377E-4
0.1282565	1.00935	7.748679E-4	2.801213	0.00416983	1.681488	0.001896848	0.6002712	-2.16391E-4
0.1329659	1.009989	8.438472E-4	2.801427	0.004105494	1.682085	0.001935136	0.6004382	-1.891676E-4
0.1376753	1.010655	9.12049E-4	2.801648	0.004048842	1.682706	0.001975046	0.6006124	-1.630188E-4
0.1423848	1.011348	9.796573E-4	2.801877	0.003999131	1.683351	0.002016508	0.6007937	-1.378114E-4
0.1470942	1.012068	0.001046842	2.802112	0.003955721	1.684021	0.002059472	0.6009823	-1.134274E-4
0.1518036	1.012815	0.001113765	2.802354	0.003918046	1.684715	0.002103901	0.6011783	-8.97595E-5
0.156513	1.013592	0.001180579	2.802603	0.003885607	1.685435	0.002149771	0.6013819	-6.670992E-5
0.1612224	1.014396	0.001247431	2.802859	0.003857959	1.686181	0.002197072	0.6015931	-4.418859E-5
0.1659319	1.01523	0.001314466	2.803121	0.003834707	1.686953	0.002245802	0.6018121	-2.211199E-5
0.1706413	1.016094	0.001381821	2.80339	0.003815498	1.687751	0.002295969	0.6020392	-4.02476E-7
0.1753507	1.016987	0.001449637	2.803665	0.003800013	1.688576	0.00234759	0.6022742	2.101349E-5
0.1800601	1.017912	0.001518048	2.803946	0.003787967	1.689427	0.002400692	0.6025175	4.220533E-5
0.1847695	1.018867	0.001587193	2.804234	0.003779099	1.690307	0.002455307	0.6027693	6.323977E-5
0.189479	1.019854	0.001657206	2.804528	0.00377317	1.691214	0.002511474	0.6030297	8.418082E-5
0.1941884	1.020874	0.001728227	2.804827	0.003769964	1.692149	0.002569241	0.6032988	1.050908E-4
0.1988978	1.021927	0.001800395	2.805133	0.003769279	1.693114	0.002628657	0.6035768	1.260302E-4
0.2036072	1.023013	0.001873851	2.805444	0.00377093	1.694107	0.002689782	0.603864	1.470583E-4
0.2083166	1.024134	0.00194874	2.805761	0.003774745	1.69513	0.002752679	0.6041604	1.682338E-4
0.213026	1.02529	0.002025208	2.806083	0.003780566	1.696184	0.002817419	0.6044664	1.896149E-4
0.2177355	1.026481	0.002103405	2.806411	0.003788238	1.697268	0.002884073	0.604782	2.11259E-4
0.2224449	1.027709	0.002183486	2.806744	0.003797623	1.698383	0.002952723	0.6051077	2.332238E-4
0.2271543	1.028974	0.00226561	2.807082	0.003808585	1.69953	0.003023454	0.6054435	2.555677E-4
0.2318637	1.030277	0.002349937	2.807424	0.003820997	1.700709	0.003096354	0.6057896	2.783484E-4
0.2365731	1.03162	0.002436634	2.807772	0.003834735	1.701921	0.003171517	0.6061464	3.016243E-4
0.2412826	1.033001	0.002525875	2.808124	0.003849684	1.703167	0.003249042	0.606514	3.254553E-4
0.245992	1.034424	0.002617838	2.80848	0.003865731	1.704447	0.003329038	0.6068928	3.49902E-4
0.2507014	1.035888	0.002712703	2.80884	0.003882763	1.705762	0.003411608	0.607283	3.750247E-4
0.2554108	1.037395	0.002810665	2.809205	0.003900678	1.707112	0.003496871	0.6076848	4.008872E-4
0.2601202	1.038945	0.002911916	2.809573	0.003919368	1.708499	0.003584944	0.6080986	4.275521E-4
0.2648297	1.04054	0.003016656	2.809945	0.003938731	1.709922	0.00367595	0.6085247	4.550841E-4
0.2695391	1.042181	0.003125105	2.81032	0.003958668	1.711383	0.003770025	0.6089634	4.835522E-4
0.2742485	1.043869	0.003237473	2.810698	0.003979076	1.712883	0.0038673	0.6094149	5.130232E-4
0.2789579	1.045605	0.003353983	2.811079	0.003999857	1.714422	0.003967913	0.6098797	5.435664E-4
0.2836673	1.04739	0.003474876	2.811462	0.004020912	1.716	0.004072015	0.6103581	5.752556E-4
0.2883767	1.049226	0.003600396	2.811848	0.004042142	1.71762	0.004179761	0.6108504	6.081657E-4
0.2930862	1.051113	0.003730794	2.812236	0.004063447	1.719282	0.004291306	0.611357	6.423725E-4
0.2977956	1.053055	0.003866342	2.812626	0.004084726	1.720987	0.004406823	0.6118785	6.779576E-4
0.302505	1.055051	0.004007302	2.813017	0.004105879	1.722736	0.004526474	0.612415	7.149993E-4
0.3072144	1.057104	0.004153978	2.813409	0.004126803	1.72453	0.004650452	0.6129671	7.53587E-4
0.3119239	1.059214	0.004306658	2.813802	0.004147395	1.72637	0.004778936	0.6135353	7.938058E-4
0.3166333	1.061385	0.004465659	2.814196	0.004167549	1.728257	0.004912124	0.6141199	8.357477E-4
0.3213427	1.063617	0.00463132	2.81459	0.004187155	1.730192	0.00505023	0.6147216	8.795111E-4
0.3260521	1.065912	0.004803973	2.814983	0.004206104	1.732177	0.005193459	0.6153408	9.251912E-4
0.3307615	1.068273	0.004983977	2.815375	0.004224285	1.734213	0.005342033	0.6159779	9.728906E-4
0.3354709	1.070701	0.00517173	2.815767	0.004241578	1.736301	0.0054962	0.6166338	0.001022722
0.3401804	1.073198	0.005367626	2.816157	0.004257864	1.738442	0.005656204	0.6173089	0.001074798
0.3448898	1.075767	0.005572074	2.816544	0.004273024	1.740639	0.005822294	0.6180037	0.001129231
0.3495992	1.07841	0.005785523	2.816929	0.004286927	1.742892	0.005994746	0.618719	0.001186148
0.3543086	1.08113	0.006008449	2.817311	0.004299442	1.745203	0.006173851	0.6194555	0.001245679
0.359018	1.083929	0.006241339	2.81769	0.004310433	1.747574	0.006359904	0.6202137	0.00130796
0.3637275	1.086809	0.006484735	2.818064	0.004319755	1.750007	0.006553234	0.6209947	0.001373139
0.3684369	1.089774	0.006739172	2.818433	0.004327264	1.752504	0.006754162	0.6217991	0.001441362
0.3731463	1.092828	0.007005267	2.818796	0.0043328	1.755065	0.00696306	0.6226276	0.001512795
0.3778557	1.095971	0.007283615	2.819154	0.004336208	1.757694	0.007180282	0.6234813	0.0015876
0.3825651	1.09921	0.007574919	2.819504	0.004337311	1.760393	0.007406245	0.624361	0.001665965
0.3872746	1.102545	0.007879876	2.819846	0.004335935	1.763163	0.00764136	0.6252677	0.001748076
0.391984	1.105983	0.008199236	2.820179	0.004331894	1.766008	0.007886069	0.6262023	0.001834132
0.3966934	1.109526	0.008533874	2.820503	0.00432498	1.768929	0.008140883	0.6271662	0.001924364
0.4014028	1.113179	0.008884597	2.820817	0.004314995	1.771929	0.00840627	0.6281601	0.002018985
0.4061122	1.116946	0.009252367	2.821119	0.004301714	1.775012	0.008682785	0.6291856	0.002118246
0.4108216	1.120831	0.009638236	2.821408	0.00428489	1.778179	0.008971035	0.6302437	0.002222422
0.4155311	1.124841	0.01004321	2.821683	0.00426429	1.781433	0.009271584	0.6313359	0.002331773
0.4202405	1.128979	0.0104685	2.821944	0.004239636	1.784779	0.009585129	0.6324635	0.002446614
0.4249499	1.133253	0.01091545	2.822187	0.004210624	1.788219	0.009912425	0.6336282	0.002567289
0.4296593	1.137668	0.01138536	2.822413	0.004176962	1.791758	0.01025419	0.6348314	0.00269413
0.4343687	1.142229	0.01187967	2.82262	0.004138323	1.795398	0.01061122	0.636075	0.002827506
0.4390782	1.146945	0.01240007	2.822806	0.004094337	1.799144	0.01098445	0.6373607	0.002967844
0.4437876	1.151821	0.01294835	2.822968	0.004044608	1.803	0.01137485	0.6386905	0.003115597
0.448497	1.156868	0.01352644	2.823107	0.00398871	1.806971	0.01178348	0.6400666	0.003271254
0.4532064	1.162092	0.01413636	2.823218	0.003926201	1.811061	0.0122114	0.6414909	0.003435319
0.4579158	1.167502	0.01478047	2.823301	0.00385657	1.815276	0.01265986	0.6429661	0.003608377
0.4626252	1.173108	0.01546124	2.823352	0.003779274	1.81962	0.01313017	0.6444944	0.003791049
0.4673347	1.17892	0.01618158	2.82337	0.00369369	1.8241	0.01362383	0.6460788	0.003984048
0.4720441	1.18495	0.01694445	2.823351	0.003599171	1.828723	0.01414236	0.6477221	0.004188112
0.4767535	1.191209	0.01775333	2.823292	0.003494969	1.833494	0.01468753	0.6494274	0.004404088
0.4814629	1.197711	0.01861202	2.823191	0.003380263	1.838421	0.01526124	0.6511982	0.004632906
0.4861723	1.20447	0.01952467	2.823044	0.003254156	1.84351	0.01586554	0.6530381	0.004875576
0.4908818	1.2115	0.02049604	2.822846	0.003115622	1.848772	0.01650275	0.6549511	0.005133251
0.4955912	1.218819	0.02153127	2.822594	0.002963552	1.854213	0.01717534	0.6569414	0.00540717
0.5003006	1.226444	0.02263656	2.822283	0.002796611	1.859844	0.01788622	0.6590136	0.005698813
0.50501	1.234394	0.02381813	2.821908	0.002613451	1.865674	0.01863831	0.6611728	0.006009674
0.5097194	1.242694	0.02508423	2.821463	0.002412299	1.871716	0.01943534	0.6634247	0.006341702
0.5144289	1.251363	0.02644269	2.820943	0.00219146	1.877979	0.02028083	0.6657749	0.006696753
0.5191383	1.260432	0.02790421	2.82034	0.001948627	1.884478	0.02117947	0.6682306	0.007077335
0.5238477	1.269925	0.02947958	2.819648	0.001681473	1.891226	0.02213587	0.6707986	0.007485971
0.5285571	1.279877	0.03118182	2.818858	0.001387198	1.898239	0.02315546	0.6734868	0.007925679
0.5332665	1.290323	0.03302737	2.817961	0.001062266	1.905534	0.02424496	0.6763048	0.008400255
0.537976	1.301302	0.03503289	2.816948	7.031123E-4	1.913127	0.02541092	0.6792616	0.008913512
0.5426854	1.312858	0.03722036	2.815805	3.050459E-4	1.92104	0.02666178	0.6823685	0.009470456
0.5473948	1.325042	0.03961578	2.814522	-1.37452E-4	1.929295	0.02800717	0.6856381	0.01007697
0.5521042	1.337908	0.04224817	2.813083	-6.304865E-4	1.937915	0.02945738	0.6890833	0.01073955
0.5568137	1.351524	0.04515727	2.811472	-0.00118235	1.946929	0.03102603	0.6927207	0.01146707
0.561523	1.365961	0.0483896	2.80967	-0.001802642	1.956368	0.03272835	0.696568	0.0122698
0.5662324	1.3813	0.05200127	2.807658	-0.002502727	1.966262	0.03458153	0.7006443	0.01316003
0.5709419	1.397637	0.05606852	2.805409	-0.003297822	1.976651	0.03660793	0.7049728	0.01415434
0.5756513	1.415089	0.06069461	2.802896	-0.004208077	1.987581	0.03883597	0.7095817	0.01527501
0.5803607	1.433769	0.06600337	2.800088	-0.005256904	1.999094	0.04129676	0.7144979	0.01654847
0.5850701	1.453815	0.0721745	2.796949	-0.006477462	2.011246	0.04403286	0.7197548	0.01801289
0.5897796	1.475371	0.0794595	2.793437	-0.007914964	2.024101	0.04709976	0.7253882	0.01972135
0.594489	1.498553	0.08822124	2.789507	-0.00963334	2.037724	0.0505715	0.7314293	0.0217501
0.5991984	1.523375	0.0989228	2.785121	-0.01171581	2.05218	0.05454008	0.7378895	0.02419647
0.6039078	1.54966	0.1121456	2.78025	-0.01427971	2.067533	0.05913291	0.7447445	0.02718412
0.6086172	1.576906	0.1284088	2.774903	-0.01747365	2.083827	0.06451275	0.7519057	0.03082807
0.6133267	1.604397	0.1478395	2.76915	-0.02145598	2.101066	0.0708713	0.7592411	0.03516963
0.6180361	1.63161	0.170217	2.763119	-0.02634853	2.119201	0.07839403	0.766653	0.04018242
0.6227455	1.658345	0.1952639	2.756969	-0.03222335	2.138149	0.08726498	0.7741079	0.04583177
0.6274549	1.684575	0.2228543	2.750863	-0.03908954	2.157788	0.09765138	0.7816049	0.05211728
0.6321644	1.710297	0.2530144	2.744929	-0.04689583	2.177959	0.1096877	0.7891411	0.05907415
0.6368737	1.735456	0.2858317	2.73924	-0.05557395	2.198493	0.1234664	0.7966957	0.06675071
0.6415831	1.759922	0.3214293	2.733811	-0.06506443	2.219224	0.1390185	0.8042217	0.07519698
0.6462926	1.783532	0.3599863	2.728618	-0.07536738	2.240036	0.1563535	0.8116618	0.08446401
0.651002	1.806055	0.4017191	2.723649	-0.08654327	2.260859	0.1755028	0.8189496	0.09460187
0.6557114	1.827137	0.4467728	2.718961	-0.09867284	2.281605	0.1965493	0.8260007	0.1056478
0.6604208	1.846374	0.4952514	2.714646	-0.1118355	2.302172	0.2195998	0.8327243	0.117633
0.6651303	1.863336	0.5472362	2.710805	-0.1260978	2.322436	0.244755	0.8390227	0.1305844
0.6698397	1.877553	0.6027277	2.707567	-0.1415003	2.34223	0.2721212	0.8447888	0.1445185
0.6745491	1.888489	0.6615834	2.705091	-0.1580535	2.36134	0.3017835	0.8498977	0.1594245
0.6792585	1.89563	0.7236432	2.703532	-0.1757651	2.379551	0.333811	0.8542271	0.1752847
0.6839679	1.898497	0.7886369	2.703054	-0.1945943	2.396603	0.3682413	0.8576558	0.192063
0.6886774	1.896601	0.856204	2.703824	-0.2144946	2.412223	0.4050913	0.8600566	0.2097028
0.6933868	1.889443	0.9259984	2.706008	-0.2354174	2.426153	0.4443595	0.8613024	0.2281448
0.6980962	1.876631	0.9975287	2.709762	-0.257242	2.438076	0.4859785	0.8612761	0.247303
0.7028056	1.857786	1.070264	2.715235	-0.2798597	2.447706	0.5298593	0.8598641	0.2670757
0.707515	1.832606	1.143528	2.722605	-0.3031291	2.454732	0.575896	0.8569686	0.2873309
0.7122244	1.800858	1.216706	2.731967	-0.3268719	2.458856	0.6238884	0.8524944	0.3079425
0.7169338	1.762349	1.289092	2.743447	-0.3509214	2.459808	0.6736447	0.8463635	0.3287604
0.7216433	1.717054	1.359878	2.757158	-0.375046	2.457288	0.724916	0.8385239	0.3496135
0.7263527	1.665021	1.428358	2.773124	-0.3990378	2.451087	0.7773769	0.8289385	0.3703343
0.7310621	1.606313	1.493695	2.791432	-0.4226608	2.440961	0.830742	0.8175793	0.3907383
0.7357715	1.541283	1.555162	2.812053	-0.4456529	2.42675	0.8846002	0.8044711	0.4106422
0.740481	1.470163	1.611959	2.835	-0.4677823	2.408302	0.9386067	0.7896236	0.4298568
0.7451904	1.393494	1.663414	2.860189	-0.4887774	2.385532	0.99231	0.7731053	0.4482023
0.7498998	1.311751	1.708806	2.887563	-0.5084027	2.358372	1.045314	0.7549775	0.465493
0.7546092	1.22564	1.747609	2.916964	-0.5264143	2.326848	1.097136	0.7353502	0.4815664
0.7593186	1.135777	1.779234	2.948285	-0.5425943	2.290974	1.147371	0.7143217	0.4962565
0.7640281	1.04299	1.803319	2.981301	-0.556755	2.250901	1.195524	0.692037	0.50942
0.7687375	0.9480887	1.81942	3.015859	-0.5687048	2.206744	1.241195	0.6686462	0.5209125
0.7734469	0.8520235	1.827362	3.051724	-0.5782951	2.158737	1.283945	0.6443352	0.5306272
0.7781563	0.7557426	1.827113	3.08865	-0.5854018	2.107156	1.323369	0.6192979	0.5384877
0.7828657	0.6601387	1.818706	3.126395	-0.5899041	2.052275	1.359106	0.593722	0.5444384
0.7875751	0.5660786	1.802356	3.164683	-0.5917474	1.994474	1.39082	0.5678041	0.5484521
0.7922845	0.4744122	1.778357	3.203216	-0.5909052	1.934144	1.418199	0.5417361	0.5505214
0.796994	0.3859212	1.747064	3.241709	-0.5873842	1.871706	1.440989	0.5157059	0.5506564
0.8017034	0.3013173	1.70898	3.279887	-0.5812662	1.807653	1.458995	0.4899012	0.5488932
0.8064128	0.22124	1.664663	3.317501	-0.5726612	1.742472	1.472082	0.4644969	0.545285
0.8111222	0.1462229	1.61475	3.354341	-0.5617111	1.676671	1.480203	0.4396615	0.5399096
0.8158317	0.07670964	1.559888	3.390229	-0.548557	1.610737	1.48336	0.4155498	0.5328564
0.8205411	0.01306105	1.500766	3.425005	-0.533356	1.545134	1.481604	0.3922994	0.5242313
0.8252505	-0.04445144	1.438097	3.45853	-0.5162769	1.480314	1.475031	0.3700325	0.5141532
0.8299599	-0.09565206	1.372609	3.490694	-0.4975024	1.416723	1.463789	0.3488568	0.5027531
0.8346694	-0.1404323	1.305026	3.521404	-0.4772094	1.354766	1.44805	0.3288614	0.4901662
0.8393788	-0.1784847	1.236099	3.55049	-0.4554704	1.294783	1.427871	0.3101521	0.4765368
0.8440882	-0.2101528	1.166564	3.577995	-0.4326473	1.237257	1.403636	0.2927522	0.4620056
0.8487976	-0.2357172	1.097019	3.604002	-0.4089467	1.182514	1.375728	0.2766873	0.4467125
0.853507	-0.2554809	1.028056	3.62857	-0.3845123	1.130797	1.344489	0.2619596	0.4308017
0.8582164	-0.2697472	0.9601618	3.651784	-0.3594601	1.082329	1.310275	0.2485703	0.4144006
0.8629258	-0.2788685	0.8938168	3.673727	-0.333875	1.037291	1.27345	0.236503	0.3976414
0.8676353	-0.2832298	0.8294256	3.694489	-0.3078029	0.9958272	1.234393	0.225731	0.3806464
0.8723447	-0.2832181	0.7673494	3.71412	-0.2812418	0.9580544	1.193455	0.2162177	0.3635221
0.8770541	-0.2791733	0.7079952	3.732529	-0.2541779	0.9241232	1.150937	0.2079308	0.346371
0.8817635	-0.271634	0.6514039	3.749761	-0.2265456	0.8939417	1.107322	0.200807	0.3292719
0.8864729	-0.2610497	0.5976632	3.765725	-0.1983728	0.8674514	1.062995	0.1947853	0.3122967
0.8911824	-0.2478186	0.5468063	3.78025	-0.1698049	0.8445539	1.018296	0.1898071	0.2955015
0.8958918	-0.2323149	0.4988395	3.793304	-0.1412328	0.8251308	0.9735039	0.1858187	0.2789332
0.9006012	-0.2148356	0.4537117	3.805161	-0.1128161	0.8090686	0.9288688	0.1827753	0.2626318
0.9053106	-0.1956087	0.4114878	3.815918	-0.08465023	0.7963324	0.8846256	0.1806498	0.2466437
0.9100201	-0.1748065	0.3720499	3.825788	-0.05682994	0.7867021	0.8409798	0.1794081	0.231011
0.9147295	-0.1525818	0.3353778	3.835088	-0.02914371	0.7800204	0.7981304	0.1790163	0.2157908
0.9194389	-0.1290904	0.3015718	3.8437	-0.001441875	0.7761251	0.756283	0.1794327	0.2010515
0.9241483	-0.1046245	0.2707583	3.851703	0.02612945	0.774847	0.7155922	0.1805888	0.1868635
0.9288577	-0.07958236	0.2430438	3.859302	0.05376545	0.776095	0.6762204	0.1823969	0.1732894
0.9335671	-0.05434548	0.2183577	3.866266	0.08156176	0.7796894	0.6383238	0.1847506	0.1603563
0.9382765	-0.02924143	0.196501	3.872693	0.1093873	0.7854058	0.6020039	0.187553	0.148056
0.942986	-0.004552054	0.1772521	3.878709	0.1374576	0.7930744	0.5673626	0.1907245	0.136374
0.9476954	0.01949147	0.1603764	3.8841	0.1658197	0.8025119	0.5345188	0.1941913	0.1252868
0.9524048	0.04270507	0.1456642	3.88898	0.1943381	0.8135441	0.5035643	0.1978967	0.1147639
0.9571142	0.06497758	0.1328456	3.893426	0.2232265	0.8259699	0.4745542	0.201799	0.1047702
0.9618236	0.08623585	0.1216644	3.897223	0.252548	0.8395638	0.4475605	0.2058598	0.09527764
0.9665331	0.1064485	0.1118908	3.900484	0.2822038	0.8540963	0.4225813	0.2100442	0.08625659
0.9712425	0.1255976	0.1033225	3.903202	0.3124865	0.869383	0.399627	0.214328	0.0776751
0.9759519	0.1437123	0.09575952	3.905106	0.3433766	0.8851992	0.3786687	0.2186938	0.06950674
0.9806613	0.1608502	0.08903455	3.906229	0.3748219	0.9013518	0.3596237	0.2231226	0.06172998
0.9853708	0.1770729	0.08300634	3.906467	0.4070099	0.9176839	0.3424191	0.2275936	0.05431823
0.9900802	0.1924388	0.07757077	3.905564	0.439894	0.93405	0.3269872	0.2320995	0.04724633
0.9947896	0.2070131	0.07264242	3.903473	0.4733528	0.9503175	0.3132173	0.2366346	0.04049551
0.999499	0.2208626	0.06814075	3.9001	0.5074703	0.9663914	0.3010082	0.2411858	0.03404941
1.004208	0.2340492	0.06400367	3.895234	0.5421309	0.9821662	0.2902764	0.2457453	0.0278835
1.008918	0.2466168	0.06019315	3.888763	0.5772172	0.997556	0.2809309	0.2503152	0.02198185
1.013627	0.2586191	0.05666334	3.880702	0.6127059	1.012507	0.2728544	0.254892	0.01633382
1.018337	0.2701066	0.05337917	3.870757	0.6483776	1.026939	0.2659691	0.2594703	0.010921
1.023046	0.2811161	0.05031595	3.858974	0.6842267	1.040807	0.2601866	0.2640499	0.005727782
1.027755	0.2916808	0.04745359	3.84527	0.7200346	1.054068	0.255399	0.2686391	7.478422E-4
1.032465	0.3018424	0.04476794	3.829529	0.7556577	1.066688	0.2515257	0.2732322	-0.004029777
1.037174	0.3116305	0.0422446	3.811734	0.7909794	1.07863	0.2484842	0.2778308	-0.008617453
1.041884	0.3210679	0.03987394	3.791891	0.8257298	1.089875	0.2461689	0.2824446	-0.01301827
1.046593	0.3301847	0.03763999	3.769925	0.8598523	1.100411	0.2445143	0.2870695	-0.01723975
1.051303	0.3390043	0.03553463	3.74584	0.8931518	1.110221	0.2434393	0.2917076	-0.02128607
1.056012	0.3475447	0.03355223	3.719728	0.9254083	1.1193	0.2428492	0.2963671	-0.02516378
1.060721	0.3558266	0.0316835	3.691551	0.9565013	1.127658	0.2426831	0.3010463	-0.02887033
1.065431	0.3638691	0.02992386	3.661393	0.9861996	1.135291	0.2428624	0.3057468	-0.03240974
1.07014	0.3716847	0.02826981	3.62943	1.014339	1.142218	0.2433023	0.3104723	-0.03577993
1.07485	0.3792894	0.02671591	3.595621	1.040786	1.148451	0.2439549	0.3152236	-0.03898359
1.079559	0.386697	0.02525907	3.560117	1.065363	1.154006	0.2447516	0.3199971	-0.04201645
1.084268	0.3939167	0.02389771	3.52312	1.087924	1.158911	0.2456206	0.3247974	-0.04487777
1.088978	0.4009612	0.02262774	3.48467	1.108382	1.163193	0.2465222	0.3296202	-0.04756526
1.093687	0.4078401	0.02144778	3.444933	1.126557	1.166873	0.2473958	0.3344642	-0.05007717
1.098397	0.4145613	0.02035628	3.404122	1.142353	1.169989	0.2481856	0.3393268	-0.05241097
1.103106	0.4211333	0.01935106	3.36235	1.155691	1.172576	0.2488552	0.3442031	-0.05456399
1.107816	0.4275634	0.01843076	3.319822	1.166467	1.174671	0.2493558	0.3490892	-0.05653128
1.112525	0.4338579	0.01759461	3.276759	1.174594	1.176314	0.2496454	0.3539813	-0.05831391
1.117234	0.4400219	0.01684073	3.233361	1.18008	1.17755	0.2496967	0.3588731	-0.05991009
1.121944	0.4460613	0.01616738	3.189833	1.182902	1.178425	0.2494764	0.3637593	-0.06131736
1.126653	0.4519805	0.01557297	3.146363	1.183069	1.178988	0.2489644	0.368632	-0.06253554
1.131363	0.4577845	0.01505608	3.103125	1.180591	1.179283	0.2481424	0.373485	-0.0635627
1.136072	0.4634776	0.01461553	3.060343	1.175471	1.179358	0.246993	0.3783107	-0.06439874
1.140782	0.4690631	0.01424968	3.018239	1.16776	1.179264	0.2455045	0.3831036	-0.06504324
1.145491	0.474545	0.01395606	2.976967	1.15761	1.179044	0.243686	0.3878536	-0.06549876
1.1502	0.4799266	0.01373354	2.936693	1.145064	1.17874	0.2415323	0.3925526	-0.06576567
1.15491	0.4852118	0.01358054	2.897578	1.130177	1.178395	0.2390396	0.3971942	-0.0658451
1.159619	0.4904035	0.01349509	2.859797	1.11306	1.178052	0.2362217	0.4017667	-0.06574018
1.164329	0.4955049	0.01347531	2.823532	1.093884	1.17775	0.2330913	0.4062612	-0.06545644
1.169038	0.5005195	0.01351824	2.788877	1.072859	1.177524	0.2296622	0.4106725	-0.06499916
1.173748	0.5054526	0.01362304	2.755827	1.050009	1.177399	0.2259551	0.4149915	-0.06437399
1.178457	0.5103056	0.01378931	2.724644	1.025466	1.177413	0.2219801	0.4192099	-0.063586
1.183166	0.5150803	0.01401501	2.6955	0.999483	1.177603	0.2177519	0.4233227	-0.06264062
1.187876	0.5197845	0.01429617	2.668134	0.9722905	1.177976	0.213322	0.4273223	-0.06154998
1.192585	0.5244211	0.01463457	2.642764	0.9438508	1.178555	0.2086923	0.4312043	-0.06031955
1.197295	0.5289919	0.01502839	2.619611	0.9144305	1.179378	0.203876	0.4349649	-0.05895464
1.202004	0.5335026	0.01547478	2.598495	0.8843421	1.180463	0.1989293	0.4385926	-0.05746475
1.206713	0.5379602	0.01597662	2.579275	0.8535081	1.181788	0.1938704	0.4420919	-0.05586435
1.211423	0.5423645	0.01653434	2.562278	0.8221748	1.183398	0.1887058	0.4454597	-0.05415569
1.216132	0.5467218	0.01714659	2.547338	0.7906175	1.185302	0.1834854	0.4486908	-0.05234991
1.220842	0.5510399	0.01781694	2.534255	0.7588167	1.18748	0.1782343	0.4517886	-0.0504577
1.225551	0.5553218	0.01854821	2.523172	0.726905	1.189945	0.1729596	0.4547562	-0.0484862
1.23026	0.5595707	0.01934181	2.514011	0.6951973	1.19272	0.1677089	0.4575866	-0.04644063
1.23497	0.5637926	0.02020389	2.506601	0.6636781	1.19578	0.1625074	0.4602828	-0.04433309
1.239679	0.5679902	0.02114252	2.500945	0.6323627	1.199124	0.1573581	0.4628523	-0.04216552
1.244389	0.5721653	0.02216279	2.49693	0.6015348	1.202758	0.152306	0.4652935	-0.03994475
1.249098	0.5763198	0.0232735	2.494441	0.5712223	1.206672	0.1473735	0.4676071	-0.03767461
1.253808	0.580452	0.02448659	2.493445	0.5413352	1.210847	0.1425596	0.4698031	-0.03536096
1.258517	0.5845555	0.02581001	2.493774	0.5121305	1.215286	0.1379129	0.4718738	-0.03300551
1.263227	0.5886215	0.0272528	2.49533	0.4835951	1.219972	0.1334503	0.4738199	-0.03061339
1.267936	0.5926372	0.02882197	2.498146	0.4556552	1.224894	0.1291675	0.4756465	-0.02818457
1.272645	0.5965912	0.03051652	2.501978	0.4284258	1.230034	0.1251052	0.4773482	-0.02572628
1.277355	0.6004713	0.03233047	2.506772	0.4019166	1.235374	0.1212796	0.4789241	-0.02325031
1.282064	0.6042677	0.03425741	2.512565	0.3760722	1.240904	0.1176856	0.4803808	-0.02075723
1.286773	0.6079773	0.03628824	2.519167	0.3509032	1.246595	0.1143509	0.481716	-0.01825756
1.291483	0.6115986	0.038415	2.526547	0.3264138	1.252431	0.1112835	0.4829363	-0.01575977
1.296192	0.6151318	0.04063168	2.534728	0.3025745	1.258396	0.1084813	0.4840485	-0.01326324
1.300902	0.6185828	0.04293493	2.543564	0.2793404	1.264459	0.1059572	0.485058	-0.01077787
1.305611	0.6219547	0.04532202	2.553072	0.2567237	1.270606	0.1037077	0.4859733	-0.008302229
1.310321	0.6252493	0.04779305	2.563255	0.2346859	1.276819	0.1017292	0.4867983	-0.005836688
1.31503	0.6284677	0.05035116	2.574055	0.2131888	1.283072	0.1000204	0.4875392	-0.003384605
1.319739	0.631611	0.05299791	2.585529	0.1922676	1.289364	0.09857094	0.4881986	-9.387393E-4
1.324449	0.6346816	0.05573522	2.597693	0.1719173	1.295676	0.09737112	0.4887823	0.001497029
1.329158	0.6376777	0.05856706	2.610528	0.1521938	1.302004	0.09641668	0.4892936	0.003926247
1.333868	0.6405963	0.06149624	2.624037	0.1331956	1.308352	0.09570435	0.4897317	0.006351807
1.338577	0.6434374	0.0645266	2.638139	0.1149749	1.31471	0.09523117	0.4901021	0.008773409
1.343287	0.6461967	0.06766023	2.652741	0.09762381	1.321082	0.09500638	0.4904008	0.01119505
1.347996	0.6488706	0.07090013	2.667699	0.08114711	1.327456	0.09503545	0.4906309	0.01361556
1.352705	0.6514565	0.07424805	2.682866	0.06551588	1.33382	0.09532565	0.4907913	0.01603571
1.357415	0.653949	0.07770868	2.698138	0.05065567	1.34016	0.09588256	0.4908829	0.01845602
1.362124	0.6563441	0.08128601	2.71343	0.03645828	1.346459	0.09670372	0.4909075	0.02087715
1.366834	0.6586354	0.0849794	2.728705	0.02284107	1.352701	0.09778811	0.4908638	0.02329812
1.371543	0.6608154	0.08879302	2.743946	0.009689529	1.35887	0.09913055	0.4907543	0.02572044
1.376253	0.6628761	0.09273025	2.759148	-0.003069718	1.364957	0.1007253	0.4905767	0.02814497
1.380962	0.6648115	0.09678706	2.774327	-0.01551825	1.370945	0.1025649	0.4903348	0.03057029
1.385671	0.6666137	0.1009661	2.789505	-0.027718	1.376825	0.1046435	0.4900281	0.03299807
1.390381	0.6682714	0.1052695	2.804701	-0.03973095	1.382589	0.1069513	0.4896568	0.03543048
1.39509	0.6697795	0.1096893	2.819963	-0.0515996	1.388222	0.1094818	0.489223	0.03786664
1.3998	0.6711288	0.1142289	2.835317	-0.06336994	1.393722	0.1122245	0.4887265	0.04031064
1.404509	0.6723061	0.1188847	2.850808	-0.07508314	1.399079	0.1151721	0.4881655	0.04276535
1.409218	0.6733078	0.1236498	2.866487	-0.08675673	1.404286	0.1183156	0.4875403	0.04523206
1.413928	0.6741242	0.1285253	2.882382	-0.09841996	1.409343	0.1216452	0.4868483	0.0477155
1.418637	0.6747432	0.1334991	2.89856	-0.1100795	1.414238	0.1251557	0.4860845	0.05021482
1.423347	0.6751594	0.1385722	2.915055	-0.1217517	1.418974	0.1288387	0.4852464	0.05273417
1.428056	0.6753625	0.1437362	2.931918	-0.1334343	1.423543	0.1326885	0.4843288	0.05527307
1.432765	0.6753465	0.1489782	2.949207	-0.145118	1.42794	0.1366965	0.483328	0.05782935
1.437475	0.6750996	0.1542994	2.966957	-0.156807	1.432163	0.1408597	0.4822379	0.06040554
1.442184	0.674619	0.1596843	2.985223	-0.1684698	1.436207	0.1451677	0.4810555	0.0629973
1.446894	0.6738945	0.1651251	3.004049	-0.1800962	1.440069	0.1496175	0.4797755	0.06560282
1.451603	0.672919	0.1706156	3.023479	-0.1916532	1.443744	0.154201	0.4783929	0.06822096
1.456313	0.6716889	0.1761379	3.043567	-0.2031058	1.447227	0.1589126	0.4769047	0.07084516
1.461022	0.6701944	0.181689	3.064344	-0.2144167	1.450517	0.1637458	0.4753053	0.07347512
1.465732	0.6684356	0.1872488	3.085861	-0.2255262	1.453606	0.1686927	0.4735932	0.07610291
1.470441	0.6664027	0.1928113	3.10814	-0.2363817	1.456495	0.1737487	0.4717627	0.07872645
1.47515	0.6640956	0.19836	3.131218	-0.2469078	1.459176	0.1789039	0.4698123	0.08133893
1.47986	0.6615088	0.2038828	3.155105	-0.2570309	1.461649	0.1841551	0.4677382	0.08393545
1.484569	0.6586401	0.2093645	3.179804	-0.2666624	1.463909	0.1894908	0.4655378	0.08650941
1.489279	0.6554882	0.2147915	3.205287	-0.2757125	1.465954	0.1949098	0.4632094	0.08905485
1.493988	0.6520522	0.2201464	3.231522	-0.2840998	1.467779	0.2003985	0.4607511	0.09156395
1.498697	0.6483331	0.2254163	3.258431	-0.2917562	1.469384	0.2059566	0.4581622	0.09403073
1.503407	0.6443319	0.2305802	3.285951	-0.2986338	1.470761	0.2115702	0.4554414	0.09644543
1.508116	0.6400522	0.235629	3.31398	-0.3047461	1.471912	0.2172395	0.4525896	0.09880336
1.512826	0.6354995	0.2405374	3.34248	-0.3100703	1.472826	0.222949	0.4496073	0.1010927
1.517535	0.6306779	0.2452992	3.371402	-0.3146819	1.473508	0.2286974	0.4464962	0.1033096
1.522244	0.6255984	0.2498914	3.400722	-0.3185536	1.473945	0.2344696	0.4432589	0.1054427
1.526954	0.6202661	0.254305	3.430484	-0.3217561	1.474142	0.2402604	0.4398977	0.1074865
1.531663	0.614692	0.2585255	3.460652	-0.324256	1.474088	0.2460582	0.4364161	0.1094332
1.536373	0.6088881	0.2625372	3.491284	-0.3260462	1.473786	0.2518489	0.4328191	0.1112738
1.541082	0.6028602	0.2663336	3.522388	-0.3271234	1.473229	0.2576279	0.4291092	0.1130038
1.545792	0.5966254	0.2699037	3.553944	-0.3274237	1.472416	0.2633702	0.4252938	0.1146155
1.550501	0.5901911	0.2732362	3.58602	-0.3269292	1.471348	0.2690723	0.4213778	0.1161026
1.55521	0.5835682	0.2763234	3.618532	-0.3255996	1.47002	0.2747145	0.4173666	0.117459
1.55992	0.5767682	0.2791599	3.651536	-0.3233775	1.468443	0.2802792	0.4132676	0.118681
1.564629	0.5698015	0.2817324	3.685015	-0.3202114	1.466612	0.2857538	0.4090876	0.119762
1.569339	0.5626776	0.2840353	3.718916	-0.3160695	1.464539	0.291119	0.404833	0.1206989
1.574048	0.5554057	0.2860609	3.753267	-0.3108643	1.462236	0.2963641	0.4005104	0.1214887
1.578758	0.5480015	0.2877952	3.787975	-0.3045873	1.459701	0.3014737	0.3961279	0.1221263
1.583467	0.5404743	0.2892307	3.823052	-0.2971492	1.456954	0.306435	0.3916911	0.1226106
1.588176	0.5328385	0.2903586	3.858437	-0.288503	1.454008	0.3112423	0.3872069	0.1229386
1.592886	0.5251125	0.2911661	3.894073	-0.2786605	1.450865	0.3158838	0.3826827	0.1231063
1.597595	0.5173165	0.2916475	3.929925	-0.2674739	1.447544	0.3203473	0.3781257	0.1231125
1.602305	0.5094694	0.2918001	3.965899	-0.2550009	1.444057	0.3246334	0.3735438	0.1229554
1.607014	0.5015916	0.2916182	4.001978	-0.2411823	1.440412	0.3287314	0.368944	0.1226329
1.611723	0.4937017	0.2911023	4.038061	-0.225918	1.436623	0.3326375	0.3643335	0.122144
1.616433	0.4858216	0.2902576	4.074101	-0.2093115	1.432699	0.3363475	0.3597219	0.1214887
1.621142	0.4779679	0.2890854	4.110025	-0.1912403	1.428659	0.3398558	0.3551153	0.120667
1.625852	0.4701561	0.287588	4.14572	-0.1716887	1.424511	0.3431606	0.350521	0.1196784
1.630561	0.4624046	0.2857729	4.181201	-0.1507294	1.420259	0.3462579	0.3459481	0.1185236
1.63527	0.4547276	0.283643	4.216314	-0.1282515	1.415924	0.3491477	0.3414022	0.1172036
1.63998	0.4471406	0.2812042	4.250966	-0.1043061	1.411517	0.3518271	0.3368915	0.1157195
1.644689	0.4396596	0.2784664	4.285174	-0.07890123	1.407046	0.3542908	0.3324251	0.1140728
1.649399	0.4322979	0.2754333	4.318753	-0.05200722	1.402529	0.3565443	0.3280079	0.1122655
1.654108	0.4250703	0.2721129	4.351635	-0.02369443	1.397975	0.358586	0.3236486	0.1102997
1.658818	0.4179886	0.2685173	4.383835	0.006067691	1.393396	0.3604141	0.3193553	0.1081783
1.663527	0.4110665	0.264652	4.415155	0.03722819	1.388809	0.3620375	0.3151331	0.1059041
1.668236	0.4043152	0.2605273	4.445569	0.06971113	1.384224	0.3634611	0.3109893	0.1034808
1.672946	0.3977062	0.2561303	4.475131	0.1035353	1.379638	0.3646921	0.3069168	0.1009029
1.677655	0.3912911	0.251466	4.503643	0.1386538	1.375062	0.3657404	0.3029353	0.09817197
1.682365	0.3850963	0.2465618	4.531106	0.1750172	1.370506	0.3666046	0.2990579	0.09529968
1.687074	0.3791305	0.2414402	4.557456	0.2126486	1.365978	0.3672774	0.2952938	0.09229621
1.691784	0.3734045	0.2361146	4.582524	0.2515065	1.361488	0.3677715	0.2916461	0.08916561
1.696493	0.3679233	0.2306025	4.606289	0.2915244	1.357044	0.3680916	0.2881177	0.0859153
1.701202	0.3626937	0.2249219	4.628684	0.3326147	1.352658	0.36823	0.2847164	0.08255448
1.705912	0.3577169	0.2190853	4.649621	0.3747382	1.348343	0.3682011	0.2814442	0.07908808
1.710621	0.3530002	0.213107	4.668998	0.4177958	1.344103	0.3680184	0.2783044	0.07551989
1.715331	0.3485442	0.2070039	4.686815	0.4617533	1.339951	0.3676862	0.2753005	0.07185871
1.72004	0.3443491	0.200788	4.703064	0.5064746	1.335897	0.3672121	0.2724375	0.0681143
1.724749	0.3404197	0.1944721	4.717658	0.5518891	1.331938	0.3666154	0.2697167	0.06428869
1.729459	0.3367572	0.1880713	4.730555	0.5979156	1.328077	0.3659059	0.2671415	0.06038856
1.734168	0.3333592	0.1815968	4.741697	0.6445358	1.32432	0.3650903	0.2647133	0.05642471
1.738878	0.3302281	0.1750619	4.751128	0.6916229	1.320664	0.3641802	0.2624339	0.05240295
1.743587	0.3273705	0.168473	4.758818	0.7391161	1.317099	0.3631822	0.2603077	0.04832478
1.748297	0.3248096	0.1618175	4.764817	0.7870078	1.313601	0.3620842	0.2583452	0.04418701
1.753006	0.3225219	0.1551361	4.768909	0.8351972	1.310203	0.3608923	0.2565359	0.04001232
1.757715	0.3204999	0.1484555	4.771103	0.883505	1.306906	0.3596157	0.254881	0.03580687
1.762425	0.3187363	0.1417904	4.771419	0.9318464	1.303723	0.3582658	0.2533806	0.03157881
1.767134	0.3172242	0.1351533	4.769904	0.9801303	1.300654	0.3568547	0.2520351	0.02733687
1.771844	0.3159586	0.1285528	4.766511	1.028302	1.297705	0.3554036	0.2508384	0.02309075
1.776553	0.3149363	0.1220006	4.761269	1.076183	1.294855	0.3539166	0.2497954	0.01884219
1.781263	0.3141506	0.1155059	4.754145	1.123664	1.2921	0.352403	0.2489044	0.01459856
1.785972	0.3135945	0.1090764	4.745222	1.170741	1.289441	0.3508656	0.248163	0.01036861
1.790681	0.3132614	0.1027221	4.734526	1.217336	1.286873	0.3493125	0.2475642	0.006157872
1.795391	0.3131465	0.0964509	4.722045	1.263337	1.284384	0.3477449	0.2471104	0.001969439
1.8001	0.3132411	0.09027308	4.70784	1.308661	1.281971	0.3461593	0.2468021	-0.002188378
1.80481	0.3135692	0.08419808	4.691832	1.35328	1.279628	0.3445255	0.2466441	-0.006310454
1.809519	0.314108	0.07823388	4.674139	1.396995	1.277368	0.3428704	0.2466263	-0.01039333
1.814229	0.3148329	0.07238685	4.654835	1.439763	1.275193	0.3412105	0.2467457	-0.01442978
1.818938	0.315733	0.06666145	4.633955	1.481491	1.273089	0.3395583	0.246997	-0.01841399
1.823647	0.3167976	0.06106338	4.611553	1.522117	1.271051	0.3379146	0.2473753	-0.02233807
1.828357	0.318018	0.05559634	4.58766	1.56155	1.269069	0.3362832	0.2478736	-0.02620025
1.833066	0.3193865	0.05026628	4.562369	1.599706	1.267133	0.3346641	0.2484891	-0.02999808
1.837776	0.3208943	0.0450778	4.535771	1.636519	1.265241	0.3330479	0.2492213	-0.03372301
1.842485	0.3225341	0.04003535	4.50797	1.671899	1.263384	0.3314339	0.2500657	-0.0373721
1.847194	0.324297	0.03513959	4.47897	1.705842	1.261563	0.3298247	0.2510149	-0.04094222
1.851904	0.3261787	0.03039655	4.448812	1.738285	1.259784	0.3282095	0.2520676	-0.04443087
1.856613	0.3281796	0.02581632	4.417553	1.769172	1.25806	0.3265775	0.2532252	-0.04783152
1.861323	0.3302816	0.02138986	4.385346	1.79842	1.256368	0.3249506	0.2544795	-0.05114244
1.866032	0.3324744	0.0171141	4.352302	1.826003	1.254699	0.3233278	0.2558227	-0.05436049
1.870741	0.3347501	0.01298854	4.318506	1.851878	1.253049	0.3217058	0.2572509	-0.0574849
1.875451	0.3371026	0.009012538	4.284037	1.876005	1.251411	0.3200813	0.2587596	-0.06051584
1.88016	0.3395245	0.00518574	4.249	1.898361	1.249787	0.3184456	0.2603466	-0.06344932
1.88487	0.3420115	0.001508612	4.213502	1.918924	1.248175	0.3167945	0.2620063	-0.06628212
1.889579	0.3445596	-0.002019517	4.177618	1.937658	1.246576	0.3151228	0.263737	-0.06901309
1.894289	0.3471646	-0.005397689	4.141429	1.954545	1.24499	0.3134294	0.2655339	-0.07164007
1.898998	0.3498252	-0.008613927	4.104998	1.96954	1.243444	0.311713	0.267397	-0.07415707
1.903707	0.3525355	-0.01167297	4.068468	1.982661	1.24192	0.3099729	0.2693184	-0.07656277
1.908417	0.3552896	-0.01457508	4.031975	1.993892	1.240407	0.3082018	0.2712946	-0.07885507
1.913126	0.3580819	-0.01731726	3.995635	2.003245	1.238908	0.3063958	0.2733212	-0.08103088
1.917836	0.3609047	-0.01989646	3.959545	2.010741	1.237425	0.3045526	0.275392	-0.08308776
1.922545	0.363749	-0.02231093	3.92381	2.016396	1.235963	0.3026708	0.2774997	-0.08502308
1.927255	0.3666052	-0.02455902	3.888593	2.020219	1.234525	0.3007455	0.2796395	-0.08683587
1.931964	0.3694636	-0.02664023	3.854017	2.022253	1.233112	0.2987745	0.2818052	-0.0885247
1.936673	0.3723138	-0.02855358	3.82021	2.022574	1.231736	0.2967591	0.2839901	-0.09008722
1.941383	0.3751441	-0.03029631	3.787285	2.021255	1.23041	0.2947054	0.2861862	-0.09152082
1.946092	0.3779459	-0.03187709	3.755354	2.018445	1.229124	0.2926043	0.288387	-0.09282985
1.950802	0.380711	-0.03330126	3.724478	2.014271	1.227883	0.2904537	0.2905867	-0.09401505
1.955511	0.3834312	-0.03457413	3.69473	2.008858	1.226689	0.2882544	0.2927793	-0.09507796
1.96022	0.3860989	-0.03570176	3.666133	2.00235	1.225549	0.286008	0.2949579	-0.09602017
1.96493								
1.969639								
1.974349								
1.979058								
1.983768								
1.988477								
1.993186								
1.997896								
2.002605								
2.007315								
2.012024								
2.016733								
2.021443								
2.026152								
2.030862								
2.035571								
2.040281								
2.04499								
2.049699								
2.054409								
2.059118								
2.063828								
2.068537								
2.073246								
2.077956								
2.082665								
2.087375								
2.092084								
2.096794								
2.101503								
2.106212								
2.110922								
2.115631								
2.120341								
2.12505								
2.12976								
2.134469								
2.139179								
2.143888								
2.148597								
2.153306								
2.158016								
2.162725								
2.167435								
2.172144								
2.176854								
2.181563								
2.186272								
2.190982								
2.195691								
2.200401								
2.20511								
2.20982								
2.214529								
2.219239								
2.223948								
2.228657								
2.233367								
2.238076								
2.242786								
2.247495								
2.252204								
2.256914								
2.261623								
2.266333								
2.271042								
2.275752								
2.280461								
2.28517								
2.28988								
2.294589								
2.299299								
2.304008								
2.308717								
2.313427								
2.318136								
2.322846								
2.327555								
2.332264								
2.336974								
2.341683								
2.346393								
2.351102								
2.355812								
2.360521								
2.365231								
2.36994								
2.374649								
2.379359								
2.384068								
2.388777								
2.393487								
2.398196								
2.402906								
2.407615								
2.412325								
2.417034								
2.421743								
2.426453								
2.431162								
2.435872								
2.440581								
2.445291								
2.45								
